/*
SQLyog 企业版 - MySQL GUI v8.14 
MySQL - 5.5.40 : Database - steam
*********************************************************************
*/

/*!40101 SET NAMES utf8 */;

/*!40101 SET SQL_MODE=''*/;

/*!40014 SET @OLD_UNIQUE_CHECKS=@@UNIQUE_CHECKS, UNIQUE_CHECKS=0 */;
/*!40014 SET @OLD_FOREIGN_KEY_CHECKS=@@FOREIGN_KEY_CHECKS, FOREIGN_KEY_CHECKS=0 */;
/*!40101 SET @OLD_SQL_MODE=@@SQL_MODE, SQL_MODE='NO_AUTO_VALUE_ON_ZERO' */;
/*!40111 SET @OLD_SQL_NOTES=@@SQL_NOTES, SQL_NOTES=0 */;
CREATE DATABASE /*!32312 IF NOT EXISTS*/`steam` /*!40100 DEFAULT CHARACTER SET utf8 */;

USE `steam`;

/*Table structure for table `account` */

DROP TABLE IF EXISTS `account`;

CREATE TABLE `account` (
  `aid` int(11) NOT NULL AUTO_INCREMENT COMMENT '编号',
  `name` varchar(15) NOT NULL COMMENT '用户名',
  `password` varchar(20) NOT NULL COMMENT '密码',
  `admin` int(11) DEFAULT '0' COMMENT '管理员标识(0不是，1是)',
  PRIMARY KEY (`aid`)
) ENGINE=InnoDB AUTO_INCREMENT=102 DEFAULT CHARSET=utf8;

/*Data for the table `account` */

insert  into `account`(`aid`,`name`,`password`,`admin`) values (0,'','',0),(3,'clownmz','axjl9311',0),(5,'axjl','123',0),(7,'xdafs','sadsa',0),(8,'asd','xzczx',0),(9,'fds','tre',0),(10,'df','ewf',0),(11,'fs','bv',0),(12,'cc','tfr',0),(13,'gg','dd',0),(14,'cccd','cds',0),(15,'fd','cs',0),(16,'jg','fd',0),(17,'poi','kjh',0),(18,'fjtj','tyuj',0),(19,'qwer','zxcv',0),(20,'gffnjg','trgrujh',0),(21,'mhgfe','gty',0),(22,'fghre','tgrtg',0),(23,'fft','ffff',0),(24,'vfdsf','teg',0),(25,'vdsfgdgt','werfwer',0),(26,'ewfv','dwqtf',0),(27,'gvevvb','cwds',0),(28,'rtuit','ergvfd',0),(29,'unjth','trn',0),(30,'jrttych','rgtfd',0),(31,'grd','kyuj',0),(32,'kjhgf','fcdc',0),(33,'wwww','fccfr',0),(34,'vfgbv','utygf',0),(35,'rybhdg','dgfju',0),(36,'gdhtjtrf','erfds',0),(37,'sdvf','dvfgb',0),(38,'gvdd','dgrcf',0),(39,'hdf','xfd',0),(40,'vxdfc','mkhug',0),(41,'jgtbjh','vfg',0),(42,'sfc','gfv',0),(43,'htgfvc','xd',0),(44,'vcdsfa','sadvf',0),(45,'jhfd','sdfr',0),(46,'fhtyhrty','thfgvt',0),(47,'cdf','vdgtr',0),(48,'vgdtf','tebvgt',0),(49,'vgf','grdy',0),(50,'dscr','vftdst',0),(51,'vrt','dgrst',0),(52,'cds','fer',0),(53,'bvc','awer',0),(54,'rew','rewar',0),(55,'vfds','gfh',0),(56,'vgds','dvgfg',0),(57,'lqhetr','fdggh',0),(58,'fgt','gfdh',0),(59,'ttryrey','tyeryre',0),(60,'gkj','hffy',0),(61,'gdt','jnhg',0),(62,'ncvr','tret',0),(63,'th','tyert',0),(64,'er654','ybhh',0),(65,'531rew','dfy',0),(66,'g','fdsg',0),(67,'gfdg','yrte',0),(68,'trwe','hgfj',0),(69,'ujkf','fdg',0),(70,'try','yjuyht',0),(71,'tuy65','ui',0),(72,'654dgfdt','hgfd',0),(73,'546ty','gfdh',0),(74,'ytry','hjes',0),(75,'try','ghgf',0),(76,'kdr6','hm6fh',0),(77,'artrds','jfuty',0),(78,'4rfvbg','nhy6',0),(79,'67ujf','hgfd',0),(80,'fgh','ghj',0),(81,'rth','hds',0),(82,'dfhju','hjfdd',0),(83,'fgdhjk','fdhsw',0),(84,'jyr','jnd',0),(85,'art5hj','jfdjk',0),(86,'trdut','aedgt',0),(87,'u6u','due5',0),(88,'tyiurt','ure56',0),(89,'uerh','tewy',0),(90,'iuytrt','udfh',0),(91,'6hytru','yjfhs',0),(92,'urdyh','hfjit',0),(93,'reu6yt','utru',0),(94,'uitr','yutidft',0),(95,'iyio8','uygjf',0),(96,'trud','yturfth',0),(97,'gfjg','utr',0),(98,'tfjh','trfd',0),(99,'dh','fghfgk',0),(100,'kgh','yjuyg',0);

/*Table structure for table `address` */

DROP TABLE IF EXISTS `address`;

CREATE TABLE `address` (
  `address_id` int(11) NOT NULL AUTO_INCREMENT COMMENT '地址编号',
  `address` varchar(100) NOT NULL COMMENT '地址',
  `date` timestamp NULL DEFAULT CURRENT_TIMESTAMP COMMENT '创建时间',
  `address_mark` int(11) NOT NULL DEFAULT '0' COMMENT '默认地址标识(0,1)',
  `user_info_id` int(11) NOT NULL COMMENT '用户信息编号',
  PRIMARY KEY (`address_id`),
  KEY `user_information_d` (`user_info_id`),
  CONSTRAINT `user_information_d` FOREIGN KEY (`user_info_id`) REFERENCES `user_information` (`user_info_id`)
) ENGINE=InnoDB AUTO_INCREMENT=5 DEFAULT CHARSET=utf8;

/*Data for the table `address` */

insert  into `address`(`address_id`,`address`,`date`,`address_mark`,`user_info_id`) values (1,'黑龙江省哈尔滨市','2019-03-07 16:16:39',1,3),(3,'黑龙江省哈尔滨市','2018-03-04 00:00:00',1,3),(4,'黑龙江省哈尔滨市','2018-03-04 00:00:00',1,3);

/*Table structure for table `comment` */

DROP TABLE IF EXISTS `comment`;

CREATE TABLE `comment` (
  `comment_id` int(11) NOT NULL AUTO_INCREMENT COMMENT '评论编号',
  `ciid` int(11) NOT NULL COMMENT '商品信息编号',
  `neirong` varchar(500) NOT NULL COMMENT '评论内容',
  `type` int(11) NOT NULL COMMENT '评论类型(好评差评)',
  `date` timestamp NULL DEFAULT CURRENT_TIMESTAMP COMMENT '评论时间',
  `user_info_id` int(11) NOT NULL COMMENT '用户信息编号',
  PRIMARY KEY (`comment_id`),
  KEY `commodity_information_a` (`ciid`),
  KEY `qweqwe` (`user_info_id`),
  CONSTRAINT `commodity_information_a` FOREIGN KEY (`ciid`) REFERENCES `commodity_information` (`ciid`),
  CONSTRAINT `qweqwe` FOREIGN KEY (`user_info_id`) REFERENCES `user_information` (`user_info_id`)
) ENGINE=InnoDB AUTO_INCREMENT=2 DEFAULT CHARSET=utf8;

/*Data for the table `comment` */

insert  into `comment`(`comment_id`,`ciid`,`neirong`,`type`,`date`,`user_info_id`) values (1,3,'阿达是的撒',1,'2019-03-18 13:06:14',44);

/*Table structure for table `commodity` */

DROP TABLE IF EXISTS `commodity`;

CREATE TABLE `commodity` (
  `ciid` int(11) NOT NULL COMMENT '商品信息编号',
  `comment_id` int(11) NOT NULL COMMENT '评论标签',
  `id` int(11) NOT NULL AUTO_INCREMENT COMMENT '商品表主键',
  PRIMARY KEY (`id`),
  KEY `commodity_informaio` (`ciid`),
  KEY `commodity` (`comment_id`),
  CONSTRAINT `commodity` FOREIGN KEY (`comment_id`) REFERENCES `comment` (`comment_id`),
  CONSTRAINT `commodity_informaio` FOREIGN KEY (`ciid`) REFERENCES `commodity_information` (`ciid`)
) ENGINE=InnoDB DEFAULT CHARSET=utf8;

/*Data for the table `commodity` */

/*Table structure for table `commodity_information` */

DROP TABLE IF EXISTS `commodity_information`;

CREATE TABLE `commodity_information` (
  `ciid` int(11) NOT NULL AUTO_INCREMENT COMMENT '商品信息编号',
  `name` varchar(80) NOT NULL COMMENT '商品名',
  `data` timestamp NULL DEFAULT CURRENT_TIMESTAMP COMMENT '发行时间',
  `faxing` varchar(50) NOT NULL COMMENT '发行商',
  `kaifa` varchar(50) NOT NULL COMMENT '开发商',
  `paly_jianjie` varchar(500) NOT NULL COMMENT '游戏简介',
  `guanyu` varchar(1000) NOT NULL COMMENT '关于',
  `Money` int(11) NOT NULL COMMENT '价格',
  `cover_picture` varchar(150) DEFAULT 'picture' COMMENT '封面图片',
  `from` varchar(20) NOT NULL DEFAULT 'pc' COMMENT '支持平台',
  PRIMARY KEY (`ciid`)
) ENGINE=InnoDB AUTO_INCREMENT=101 DEFAULT CHARSET=utf8;

/*Data for the table `commodity_information` */

insert  into `commodity_information`(`ciid`,`name`,`data`,`faxing`,`kaifa`,`paly_jianjie`,`guanyu`,`Money`,`cover_picture`,`from`) values (3,'ARK: Survival Evolved','2017-08-28 00:00:00','Studio Wildcard','Studio Wildcard','由虚幻4引擎打造的一款多人在线生存竞技网游，在一个超高自由度的开放世界里，可以体验采集、制造、打猎、收获、建造、研究以及驯服恐龙等超多自由内容，感受酷热白昼、冰冷夜晚的动态天气系统以及饥饿口渴等现实中的生存挑战，还要面对其它生存者的威胁，合作生存还是竞技厮杀，由你决定！','孤身一人苏醒在空旷的海岸边，发现自己身处一个充满恐龙的神秘岛屿“ARK”，你身无寸缕，饥寒交迫，你必须学会打猎、获取资源，制作物品，种植庄稼，发展科技，建立庇护所，从而让你可以在这个世界中存活下去。同时，你也可以利用技巧杀死或者驯服、繁殖、骑乘那些生活在这片岛屿上的洪荒巨兽。你也可以与上百人建成部落，互相侵略，生存...以及逃离这片孤岛！',138,'picture','pc'),(4,'Grand Theft Auto V','2015-04-14 00:00:00','Rockstart North','Rockstart North','洛圣都是一座有着明亮灯光、漫长夜晚和肮脏秘密的城市，其最亮、最长、最脏的一面，尽在 GTA 在线模式：不夜城。派对现在开始。','与传奇经理人托尼·普林斯合伙经营顶级夜总会，请来世界闻名的 DJ 索洛蒙、我们的故事、迪克森以及黑色圣母，将它打造成圣安地列斯有史以来最集中的犯罪集团网的门面。',119,'picture','pc'),(5,'Devil May Cry 5','2019-03-08 00:00:00','CAPCOM Co','CAPCOM Co','最强的恶魔猎人强势回归！动作游戏迷翘首以待，传说中的Stylish Action《Devil May Cry》终于復活！','最强的恶魔猎人强势回归！动作游戏迷翘首以待，传说中的Stylish Action《Devil May Cry》终于復活！',325,'picture','pc'),(6,'Warhammer: Vermintide 2','2018-03-09 00:00:00','Fatsjhark','Fatsjhark','这款精彩的近战动作游戏是广受赞誉的 Vermintide 的续作，将用视觉上的冲击为第一人称合作游戏带来崭新的定义。','Vermintide 回来了——更加黑暗、更加血腥、更令人血脉贲张！',124,'picture','pc'),(7,'Sid Meier’s Civilization® VI: Rise and Fall','2018-02-08 00:00:00','Fiaxis Games','2K,Aspyr(Mac)','《文明VI》的核心玩法便是建立帝国，经受时代考验。玩家领导文明跨越年代奋勇前行之际，《文明VI 迭起兴衰》资料片携新选择、新战略和新挑战隆重登场。您将收获世界人民的忠心，还是将自己亲手打造的城市拱手让人？您会开创文明的黄金时代，还是任其陷入黑暗时代的泥沼？在《文明VI 迭起兴衰》中，您是把握时代脉搏的领路人。','如治理有方，文明则会进入繁荣的黄金时代；衰退落后则会陷于黑暗时代。成功应对黑暗时代的挑战后，文明便会进入复兴的英雄时代。',424,'picture','pc'),(8,'最后的47小时 - The Last 47 Hours','2019-03-01 00:00:00','Lingtan','Lingtan','“四十七个小时后我们分手吧！”相恋六年、下个月即将成为我的正式合法妻子的女孩对我这么说。 虽然感觉莫名其妙，但她看起来是认真的。于是我只得顺着她，陪她玩这个不得不玩的小把戏，陪她回顾这六年过往的时光，然后——迎接这最后的四十七小时的终结。','最后的47小时》是由独立游戏制作组灵潭社开发的一款治愈系短篇视觉小说。',95,'picture','pc'),(9,'Conan Exiles','2018-05-08 00:00:00','Funcom','Funcom','一款以《野蛮人柯南》中的荒野之地为背景的多人网络求生游戏。通过单人游戏或多人合作的形式在辽阔开放的沙盒世界中生存下来，建造属于你自己的家园和王国，并称霸一方！','《CONAN EXILES》是一款多人网络求生游戏，以《野蛮人柯南》中的荒野之地为背景。走进一个辽阔开放的沙盒世界，和好友以及陌生人一起游戏，你们寻找各自的家园，甚至可以共建城市。在极寒的气候下生存；探索满是战利品的地下城；选择你的道路，从卑微的农民到强力的野蛮人；还可以在史诗般的攻城战中征服敌人。',129,'picture','pc'),(10,'Leanna\'s Slice of Life','2019-03-08 00:00:00','Acerola','Kagur Games','在这个魔物当道的世界里，新婚不久的凯恩因为一场意外欠下了高额债务，最后还得由他的娇妻莉安娜打工来偿还，莉安娜为了还清债务会接下哪些工作呢，快来体验此款由Acerola制作，神乐游戏倾情汉化RPG游戏！','魔物当道的世界里，凯恩和莉安娜生活在一个相对平和的村庄中。',49,'picture','pc'),(11,'Human: Fall Flat','2016-07-23 00:00:00','No Brakes Games','Curve Digital','人类一败涂地是一款与众不同的基于物理特性的开放结局解谜探索游戏。游戏发生于若干飘浮在云中的幻境中。你的目标就是用你仅有的智慧和物理原理解开谜题，从这些荒诞梦境中逃出来。','\"Bob是个平凡的人类。他没有什么超能力，但要是给他合适的工具，他还是能做不少事儿的。要是他没有合适的工具……他就能干出更多糗事儿！',48,'picture','pc'),(12,'This War of Mine','2014-11-15 00:00:00','11 bit studios','11 bit studios','在《这是我的战争》中，你扮演的不是精英士兵，而是一群在被围攻的城市中求存的平民。你们食物、药物紧缺，还得时刻防范狙击手和敌对的拾荒者。这款游戏从全新的角度让玩家体验身处战争的感受。','在《这是我的战争》中，你扮演的不是精英士兵，而是一群在被围攻的城市中求存的平民。你们食物、药物紧缺，还得时刻防范狙击手和敌对的拾荒者。这款游戏从全新的角度让玩家体验身处战争的感受。 ',68,'picture','pc'),(13,'Judgment: Apocalypse Survival Simulation','2018-05-04 00:00:00','Suncrash','Suncrash','末日降临。恶魔横行。现在，是时候还击了！ 在劫后余生的部落中，建造、管理、捍卫你的营地。','《Judgment: Apocalypse Survival Simulation》是一款部落模拟游戏，在恶魔当道的末世里用各种战略战术求得一线生机。地狱之门大开，恶魔降临，人间生灵涂炭——但我们不会坐以待毙！带领幸存者们穿越重重阻碍——远离邪恶势力，构建神圣家园。收集资源、制作装备、防守营地、派遣队伍搜寻物资，用各种方式求得生存。研究人类技术、探索黑暗艺术，用各种方法将魔鬼赶回老巢。',69,'picture','pc'),(14,'Gaokao.Love.100Days','2015-05-31 00:00:00','高考恋爱委员会','NVLMaker','那一天，我有了女朋友。虽然我知道这一切来得有点不是时候，可至少，从现在开始我不再孤身一人。后面的事情，我们都可以一起面对，不管是快乐、烦恼，还是忧伤……以及——100天之后的高考','高考前的这100天，你会怎样度过？学业和爱情该怎样去平衡？巨大的压力，是独自承担还是一起面对？情敌出现，是保持沉默还是接受挑战？如果所有人都反对你们在一起……你会和她坚持到最后……或者选择放手？——同样的高考，50种不一样的结局。继《丑小鸭的天鹅湖》之后，落叶岛项目组再次为您奉上最有中国特色的恋爱养成游戏！',45,'picture','pc'),(15,'STEINS;GATE','2016-09-09 00:00:00','MAGES.inc','Spike Chunsoft Co,Ltd.','由5pb.和nitroplus共同开发的《STEINS;GATE》曾被Famitsu杂志授予年度优秀游戏奖项，并在Famitsu读者调查中被评为最煽情的“催泪游戏”。如此扣人心弦的视觉小说游戏，现已被改编为漫画、动画及剧场版等。','-全人类的命运由你左右-而你究竟能否改变命运，拯救珍爱之人呢？《STEINS;GATE》系列作为假想科学冒险游戏，有着累计100万部销量的超高人气。 本作目前为止已移植了诸多平台，可称为名留视觉小说游戏史的作品，现如今终于在Steam登场！冈部伦太郎——通称冈伦——是个尚未从厨二病毕业的大学生。成立了名为“未来道具研究所”的社团，每天和朋友们发明着稀奇古怪的东西。这样的他在一次偶然间发明了能将电子短信传到过去的道具“时间机器”。SERN、John Titor、幻之古董PC“IBN5100”、时间机器、蝴蝶效应、时间旅行的11种理论——。在这诸多要素偶然重叠之时，围绕着本部位于秋叶原的冈伦的社团，世界规模的“未来选择权”掌握在了社团成员们的手上。',90,'picture','pc'),(16,'Lucy -The Eternity She Wished For-','2016-02-28 00:00:00','Modern Visual Arts Laboratory','Modern Visual Arts Laboratory','如果世界上有机器人能够像人一样微笑，一样哭泣，一样悲伤。','距今不久以后的未来，在人工智能科技已经普及的时代。平时对于机器人完全没有好感的主人公，突然奇遇般地捡到了一台损坏的人工智能。可那不只是普通的机器人，和那些只会重复程序设定台词的机器人不一样。这台仿佛真正人类少女一般的人工智能，会自由自在的露出笑容，袒露自己的心声…',36,'picture','pc'),(17,'My 1/6 Lover','2018-12-13 00:00:00','lamb of game','Sakula Game','这是关于“我”与一名拥有六个人格的少女的故事。 21万字文本，全程中文语音，19张独立CG，其中还包括6张动态CG，带给您一段不那么日常的日常故事。','这是一款恋爱题材的视觉小说，游戏共包括6条路线，19张独立CG（其中包括6张动态CG），20余万字剧情以及全程语音。故事简介：在某一种小城市的午后，原本只是想要和心仪的少女搭上一句话少年，然而却因为太过紧张而变成了毫无征兆的告白宣言。在以为一切都已经彻底完蛋之时，少女却是给出了意料之外的回答。“抱歉，但是请问你所喜欢的，究竟是哪一个我呢？”这便是空月与这名拥有六重人格的少女的故事开端。',11,'picture','pc'),(18,'樱雪集～Yuyuko\'s Butterfly Dream','2019-02-27 00:00:00','Mescaline\'s Wings','Mescaline\'s Wings','樱雪集是一款横版动作类东方同人游戏.游戏内包含解谜要素和分支剧情系统.故事讲述的是幽幽子进入了奇怪的似梦空间.这里充斥着很多强大妖怪.奇怪的旅者.为了回想起自己为什么来到这里,以及这空间的秘密,幽幽子踏上了冒险之旅.','樱雪集是一款改编自“东方Project”的、动作平台类二次同人游戏，包含解谜要素和分支剧情系统。故事讲述的是幽幽子闯进了一个奇异陌生的梦境世界。这里充斥着冥界的妖怪及奇怪的旅人。为了把这个梦境一探究竟、找到幻境产生的根源与离开的办法，幽幽子踏上了充满未知的冒险之旅。',18,'picture','pc'),(19,'Assassin\'s Creed® Odyssey','2018-10-06 00:00:00','Ubisoft','Ubisoft','在《Assassin\'s Creed® Odyssey》当中主宰自己的命运。 从一名流浪者蜕变成传奇人物，踏上这趟奥德赛之旅，找出你过往的秘密并改变古希腊的命运。','在《Assassin\'s Creed® Odyssey》当中主宰自己的命运。从一名流浪者蜕变成传奇人物，踏上这趟奥德赛之旅，找出你过往的秘密并改变古希腊的命运。启程前往古希腊从绿意盎然的森林到火山群岛再到喧闹的城市，在这个由众神与人们塑造且被一场战争分裂的世界展开探索旅程。锻造你自己的传奇你的决定将会影响这趟探索漂泊如何呈现。感谢全新的对话系统与你所做出的决定，你能够游玩多重结局。自订你的装备，船只以及特别能力来成为传奇。全新规模的战斗在雅典与斯巴达之间的大规模百人战场上展现你的战士能力，又或着在爱琴海上的海战中冲撞突破整只舰队。令人叹为观止通过 Tobii Eye Tracking 以焕然一新的方式体验动作场面。扩展视图功能赋予您更加广阔的环境视角，而且随您的目光所及，动态光线和阳光效果让您身临其境地置身于沙丘之中。标记、瞄准和锁定目标更加轻松自如，只要看着它们就能做到。跟着您的视觉走，优化您的游戏玩法。 ',248,'picture','pc'),(20,'Divinity: Original Sin 2 - Definitive Edition','2017-09-14 00:00:00','Larian Studios','Larian Studios','这是一部备受期待获奖众多的角色扮演游戏的续作。召集你的团队，探讨战术，左右战局。你最多可以和其他三名玩家合作——但是，最终只有其中一人有机会成为神。','圣者已逝，虚空迫近。而你体内隐藏的力量很快就要觉醒。捍卫神性的战斗已经开始，请你做出明智的选择，对一切保持警惕：黑暗正潜伏于每个人的心中。扮演一名食肉的精灵，一只统御帝国的蜥蜴人，又或是刚从坟墓中苏醒的亡灵？请尽情探索这个神奇的世界，看看它对于你的每一种选择，每一种身份，会如何来回应。召集你的团队，和你的伙伴们一同前进。在回合制战斗的环境中，用高超的技巧将你的敌人打入深渊。你可以利用居高临下的优势，将周围的环境作为武器，并借助各种元素的力量来夺取胜利。独自一人或是和最多三名伙伴组成队伍，探索绿维珑广袤而多元化的世界。你可以去任何想去的地方，放飞你的想象力，探索无穷无尽的与这个世界交互的方式。在绿维珑之外，我们还提供了全新的“玩家对战模式”和“游戏大师模式”，请尽情体验。',133,'picture','pc'),(21,'匿名信：失心者 / Strayer','2019-03-12 00:00:00','元气工作室','原力互娱','一封突如其来的匿名信打破了一切，实习警探满满跟随信件来到了早已废弃的十三中学。时光荏苒，物是人非。眼前的十三中学早已不是曾经那所普通的中学了。是陷阱？还是真相？无数的秘密和曾经不为人知的往事随着满满踏入校园的那一刻开始逐渐浮出水面。收集各式的道具和线索，完成复杂的解谜游戏，最终揭开真相。请遵循本心，将谜团一一解开。','一封突如其来的匿名信打破了一切，实习警探满满跟随信件来到了早已废弃的十三中学。时光荏苒，物是人非。眼前的十三中学早已不是曾经那所普通的中学了。是陷阱？还是真相？无数的秘密和曾经不为人知的往事随着满满踏入校园的那一刻开始逐渐浮出水面。收集各式的道具和线索，完成复杂的解谜游戏，最终揭开真相。请遵循本心，将谜团一一解开。到底谁才是真正的失心者？',11,'picture','pc'),(22,'God\'s Basement','2018-10-17 00:00:00','Erebus','Erebus','上帝的地下室（God\'s Basement）是第一人称，叙事驱动的单人恐怖游戏。揭开一个神秘莫测的秘密，作为一个被称为“操纵者”的实体引领你深入到一个看似永恒的炼狱的边缘。','上帝的地下室（God\'s Basement）是第一人称，叙事驱动的单人恐怖游戏。借助不断地探索，你对以往生活的回忆逐渐清晰，同时伴随着恐怖的降临。发现上帝的地下室（God\'s Basement）及受到判决的人。当历史的恐怖在你周围的世界中活跃时，抗击渗入你脑海的恐惧。上帝的地下室（God\'s Basement）没有任何复杂的机制。游戏不涉及任何生存、报复或“捉迷藏”风格的游戏玩法。强调气恐怖氛围元素，同时令人毛骨悚然，并配有令人不安的图像。游戏中的大部分事件均为脚本化并直截了当，虽然其中带有需解答的谜题和谜语。该游戏以遵循“步行模拟器”的游戏玩法为主，而非专注动作游戏。如果你正在寻找一个快节奏，动作丰富的生存恐怖体验，那么这款游戏可能无法满足你的需求。如果你正在寻找一个强调恐惧的慢节奏叙述式体验，请尝试一下这款游戏。',50,'picture','pc'),(23,'RESIDENT EVIL 2 / BIOHAZARD RE:2','2019-01-25 00:00:00','CAPCOM.Co,Ltd.','CAPCOM.Co,Ltd.','一切都凌驾于玩家的想像之上。 一场生化灾难於1998年9月袭击了浣熊市，从残害幸存者的丧尸地狱中生还吧。 无尽的刺激、引人入胜的故事和无法想像的恐怖正在等候你。 见证系列首屈一指的杰作──《Resident Evil 2》的重生吧。 別被这场惨剧吞噬。','生存恐怖游戏代表之作Resident Evil 2回归，带来重新建构的深层体验。通过Capcom专利的游戏引擎RE Engine，经典作品经过翻新，在原来的游戏模式之上，添加了惊艳的写实视觉效果，让人仿佛身临其境的音效，全新的越肩视角和操作方式。本作中，Resident Evil系列经典的动作、紧凑的探索和解谜要素得以回归。玩家将会扮演新人警察里昂·S·肯尼迪和大学生克莱尔·雷德菲尔德，应对在浣熊市爆发的僵尸危机。里昂和克莱尔各有自己的路线，使玩家可从两人的不同角度欣赏剧情。玩家将掌控这两位极具人气的主人公的命运，分别操作他们揭开生化攻击背后的黑幕并最终成功逃脱危机。',325,'picture','pc'),(24,'Silence','2016-11-15 00:00:00','Daedalic Entertainment','Daedalic Entertainment','你能拯救这个存在于生与死之间残酷而宁静的沉寂世界吗？你能帮助诺亚在这个苦难的世界中找到他的小妹妹蕾妮吗？你能带她回家吗？探索沉寂世界，加入这对兄妹的冒险旅程。','战争肆虐。在一次空袭中，16岁的诺亚和他的小妹妹蕾妮在地堡中寻求庇护。在那里，他们不仅免受到致命轰炸的袭击，而且进入了生与死的交叉世界：沉寂。诺亚把他的妹妹遗失在了沉寂世界中，他被迫冒险进入这个充满威胁的田园世界来寻找她。然而，沉寂世界也正遭受其战争与苦难的创伤。黑暗生物在城镇出没，糟蹋着不同世界之间这个曾经平静安详的地方。只有一小拨反抗者在顽强地对抗不断逼近的威胁。现在，这对兄妹必须从即将来临的末日中拯救沉寂世界以及其奇幻居民，从而拯救他们自己的生命。加入诺亚和蕾妮激动人心的旅程，穿越沉寂世界。在这里，宁静与危险交织着，一个扣人心弦的故事就此展开。认识一下迷人可爱的斑斑，这只神奇的毛毛虫能够帮助诺亚和蕾妮一路穿越沉寂世界。并且还能证重要的时刻——这对兄妹发现唯一能够拯救他们的是对彼此的爱。',69,'picture','pc'),(25,'Kingdom Come: Deliverance','2018-02-13 00:00:00','Warhorse Studios','Warhorse Studios','《天国：拯救》是一个能让你沉浸于在神圣罗马帝国的史诗冒险的剧情向、开放世界角色扮演游戏。与入侵的敌人战斗以为你死去的双亲报仇。完成能改变剧情走向的任务，并做好每个能影响剧情的选择。','波西米亚 - 坐落于欧洲的心脏，这片大地富有文化、银矿和千奇百怪的雄伟城堡。被人民所爱戴的贤君“查理四世”的驾崩，把整个王国带入了黑暗：战争、腐败与混乱，正在把这神圣罗马帝国的中心撕地支离破碎。查理四世的儿子，瓦茨拉夫，继承了父王的王位。和他的父王不同，瓦茨拉夫是一个幼稚的、放纵的而且没有野心的君王。他的同父异母的弟弟，匈牙利之王“红狐”西格斯蒙德，察觉到了他的懦弱。西格斯蒙德佯装好意，开拔进驻波西米亚，并且挟持了国王瓦茨拉夫。没了国王，西格斯蒙德得以自如地洗劫波西米亚的财富。在乱世之中，你是亨利，一位铁匠的儿子。你平静的生活被一群雇佣军所夺走，他们收到了西格斯蒙德的亲令，烧光了你的镇子。你命大，成为了唯一一个逃过这场浩劫的人。失去了家园、家人和未来的你，最终加入了拉德季·科比拉阁下麾下的反抗军。命运将你带入这场冲突中，以及这场内战，这场决定波西米亚的未来的内战。',248,'picture','pc'),(26,'Tricolour Lovestory','2017-09-27 00:00:00','HL-Galgame','SakaraGame','时光一逝永不回，往事只能回味。100万字剧本+全程语音+100张CG的这部高中题材恋爱游戏仿佛带你回到学生时代，再经历一次高中恋爱生活。那一天，你失去了她；那一天，她和她同时向你伸出了双手，你不再孤身一人。','——那是，朝思夜想也未尝得到的自由——那是，至今为止都不曾体会的懵懂——那是，将我们三色交织在一起的绘卷2005年，江城的暖秋。童年有如被铁笼囚住一般，早已被灰色浸染的男孩，第一次走进名为「艺术班」的教室之中。两个色彩截然不同的少女，同时伸出双手——相会、再会、交织、着色……来不及找到心中的那抹缤纷，男孩已经提起画笔。「……「一起画画」啊……」「……嘿嘿，现在是我们三个人呢……」',11,'picture','pc'),(27,'Grobda Remix','2017-11-16 00:00:00','C.U.M原创游戏,游戏工房','SakaraGame','这是国内独立游戏开发者制作的一款青春励志+恋爱AVG游戏。主题歌是与日本唱片公司Lantis合作完成的，演唱者为国内知名歌手喵酱油。还有CV破天荒的聘请了日本著名CV，在日本的录音棚中录制完成。制作组是《秋之回忆》的爱好者，制作组名字中的“C.U.M”就是《秋之回忆5》中的电影研究社团的名字。','【故事简介】具有着悠久历史的音乐小镇——友岚有一天，一个不速之客打破了它原本的宁静。“我想，真正懂音乐的，都是好人。”这句话开始了，一段段酸甜的记忆。“或许，我所寻找的东西，就在这里。”不经意的决意，拨动了变革的音符。“那么，一起寻找吧，最美丽的旋律。”面对梦想的邀约，少年握住了伸出的手。于是，那一刻…交织着梦想与心愿的青春旋律，开始了它最美丽的奏鸣。',11,'picture','pc'),(28,'茉莉之夏 Jasmine Summer','2018-12-28 00:00:00','Jasmine Summer','Jasmine Summer','《茉莉之夏》是传统的视觉小说形式文字冒险游戏，画风精致的本格的恋爱模拟视觉小说， 没有白学和胃疼的温馨日常佳作。目前版本包含有1幕，50万字左右内容。','远离繁华，遗世独立的村落中青年经营着毫无存在感的店铺于夏日烟花里执伞而立的少女今天也依旧倦怠着渡过阳光透过便利店的玻璃窗挥洒不去的是红茶的香气三人同舟，渡过夏日因缘际会下的三人，在某处正发生着的故事',28,'picture','pc'),(29,'In The Ember 余烬之中','2019-01-19 00:00:00','凝冰剑斩','凝冰剑斩','主角安吉丽娜原先只是一个普通的冒险家，可自从她遇到一个古怪的男人跟她抢任务之后...一切都变了。','隶属于冒险家协会的女主角——安吉丽娜，一天接到了一个报酬不菲的任务，带着一个特殊的少女去整个世界环游一遍...',6,'picture','pc'),(30,'FINAL FANTASY XV WINDOWS EDITION','2018-03-07 00:00:00','Square Enix','Square Enix','展开一场超凡绝伦的高质量旅程吧！本游戏提供各种丰富额外内容，而且支持超高分辨率的图形选项和 HDR 10，立即来畅玩这款画面精美且精心制作的《FINAL FANTASY XV》，享受前所未有的游戏体验。','与挚友一同踏上这场永生難忘的旅程，穿越令人屏息的开放世界、目睹迷人的大地风采，在旅途中挑战体型惊人的猛兽，并奋力打败强大敌人，夺回家园。采用动感十足的战斗系统，在惊险刺激的战斗中，轻松引导先祖的力量，穿梭战场时空。和战友携手合作，掌握武器、魔法和团队战斗的技能。现在推出的 Windows PC 版本，搭配尖端科技的强大功能，包括支持高分辨率画面显示和 HDR10，立即来畅玩这款画面精美且精心制作的《FINAL FANTASY XV》，享受前所未有的游戏体验。',329,'picture','pc'),(31,'瓶中精灵 - Fairy in a Jar','2019-03-07 00:00:00','Lu-Ci','迷糊的安安','一个短小而细腻的短篇童话，讲述了一只失去记忆的小精灵被人类饲养在玻璃瓶内的故事……','睁开眼睛的瞬间，是什么都没有的白色景象。失去了的记忆的小精灵，遇到了一位有些笨拙且可怕的“巨人”先生……——完全未知的世界，有限的活动空间，语言不通的囚禁者……小精灵应该选择从这里逃出去呢？还是……',9,'picture','pc'),(32,'Dawn of Man','2019-03-01 00:00:00','Maduga Works','Maduga Works','领导古代人类的聚居地，引领他们渡过为生存而拼搏的时代。狩猎、采集、制造工具、战斗、探索新技术并面对环境给你带来的挑战。','掌控第一批现代人的聚居地，引领他们渡过为生存而拼搏的时代。Dawn of Man》是一款涉及生存及城市建设的游戏，由《Planetbase》的创作团队开发。游戏起始于石器时代，最终将会进入铁器时代，跨越了人类1万多年的历史。你必须让你的子民像我们的祖先一样生存、发展和进化，面对环境带来的种种挑战。动物是远古人类重要的食物和物资来源。它们的肉能够作为食物养活你的子民，它们的毛皮和骨头可来制作衣服及生存所需的工具。 需要面对猛犸象、批毛犀、古风野牛、大角鹿、穴狮及其他当时漫步在地球上的生物。',80,'picture','pc'),(33,'Niffelheim','2018-09-26 00:00:00','Ellada Games','Ellada Games','您的主人公是一名战死沙场的光荣烈士。死后本来应该去阿斯加德的他，却来到了尼福尔海姆。努力在这个严酷世界活下来，建筑城堡，抢劫邻居，研究危险重重的地下世界，找到去天堂瓦尔哈拉的路！','即使死后战士仍然是战士。走上最后一次测试的道路，向众神证明你的价值。寒冷，黑暗和死亡从未在生活中下坏过你，现在也不会。储备食品，保护自己，发现这些土地的奥秘。摧毁任何干预攻击你土地的人。每个被击败的敌人都将向仙宫迈出一步！骨头，牙齿皮: 一切都将作为武器或盔甲。建立一个堡垒， 不仅可以保护你免受攻击，还可以帮助你击败的敌人。死神牧师会对你施加挑战。你会执行还是会拒绝加入他们的仆人之战?',68,'picture','pc'),(34,'Praey for the Gods','2019-02-01 00:00:00','no Matter Studios','no Matter Studios','一场残酷的旅程即将展开：前进蛮荒的冰封岛屿，要活下去，唯有举剑朝向你心中至高的神。','在《Praey for the Gods》中，玩家所扮演的孤独英雄将前往绝境边陲，发掘这无尽凛冬下骇人的秘密。一席行囊、少许衣物，独自面对危机四伏的险境。要想恢复世界的平衡、收复边陲领土，你所面临的问题，连上帝都不知道答案。',90,'picture','pc'),(35,'Sister Travel','2019-01-25 00:00:00','Inusuku','Kagura Games','来啦！这个讲述一位冒险者和他妹妹一样的亲密同伴的冒险故事，由Kagura Games和Inusuku共同打造，《妹妹旅行》面世啦！','在这款地城探索RPG游戏中，你可以自由打造你的专属冒险故事！会让您难以忘怀，心脏加速的奇妙旅程！远古遗迹下藏着的无尽宝藏。与魔物紧张刺激的的精彩大战。为了那片未知的土地。一位冒险者，还有他的妹妹，故事由此开始。快来加入这场充满浪漫与史诗级战斗场景的冒险旅程！体验此款精彩的汉化版地城探索游戏！',49,'picture','pc'),(36,'Dungeon Of Dragon Knight','2019-01-23 00:00:00','HexGameStudio','HexGameStudio','《龙骑士之墓》是一款西方奇幻写实风格的RPG游戏，采用了经典的网格实时爬行玩法。你将率领你的队伍不断地发现线索、解开环绕在身边的谜题，并在这危机四伏的地下迷宫之中生存下来。','《龙骑士之墓》是一款基于网格爬行玩法的地宫探险型RPG游戏。基于网格的实时移动和战斗极具逻辑性的解谜挑战丰富的道具搜集玩法第一人称视角的地宫挑战，切身体会身陷迷宫的感受你的家乡被东方的兽族侵袭，他们烧杀抢掠，无恶不作！虽然你和你的人民进行了顽强的抵抗，但是仍然寡不敌众，不得已，你和你的几个朋友怀着无比悲伤的心情逃离了自己的家园，步履蹒跚地来到了一片无人知晓的森林，然而绝望的感觉仍然寸步不离，死亡的气息充斥着整片森林。忽然，你们前面出现了一个妇人，她指着不远处的一出破屋子，说在那里她可以提供食物和水，并且让你和你的朋友进行休息。然而当你们推门走进这个屋子后，才发现事情不是这样，原来这个妇人的援助是有代价的。这个破屋子只是一个山洞的入口，那个妇人希望你们能够在这个深不见底的山洞里面找到一个被邪恶侵蚀的龙骑士索恩（Sowen），他手上拥有着能打开地狱之门的法器，如果不夺得这个法器，那么他将会在天启时刻吟诵咒语，通过法器打开地狱之门，人间将不复存在。虽然你和你的朋友已经筋疲力尽，但是出于同情以及责任，还是答应了妇人的请求。',54,'picture','pc'),(37,'Slave\'s Sword 2','2019-02-22 00:00:00','Circle Poison','Kagura Games','在《奴隶之剑2》中，前王国贵族露娜继续以主角身份回归。成功出逃并且解放自由都市后，露娜不幸又一次陷入了可怕的境地。','在自由都市战役中大获全胜后，露娜和她的盟友们攻下了帝国的一个个重要据点。',49,'picture','pc'),(38,'神明在上(Zengeon)','2019-01-18 00:00:00','IndieLeague Studio','IndieLeague Studio','《神明在上》是一款带有随机元素动漫风格的动作角色扮演游戏。月蚀之时，洞天福地结界被莫名打破导致暗虚四散。为了恢复结界，玩家将扮演经历事件的学生，在师父南子的指导下去向福地深处并经历沿途中的挑战，事件逐渐明朗之时……等待他们又将是怎样的际遇？','在《神明在上》游戏里，有不同的角色供你选择，每一位角色都拥有完全不同的技能与特性。游戏注重动作角色扮演游戏中“动作”的成分，你需要根据对不同角色的理解，在战斗中实时做出不同的操作与策略，在熟悉角色的专属特点过程中获得节奏感十足并且多样的战斗经历。游戏也在逐步添加每个角色的新皮肤，满足玩家对造型上的需求。',36,'picture','pc'),(39,'NBA 2K19','2018-09-10 00:00:00','Visual Concepts','2K','从一流的画质和高度的可玩性，到突破性的游戏模式，再到令人神往的开放世界“社区”，20年来《NBA 2K》一直在不断刷新体育游戏的定义。最新力作《NBA 2K19》将继续突破极限，让玩家获得最接近真实的篮球体验、体验最纯粹的篮球文化。','从一流的画质和高度的可玩性，到突破性的游戏模式，再到令人神往的开放世界“社区”，20年来《NBA 2K》一直在不断刷新体育游戏的定义。最新力作《NBA 2K19》将继续突破极限，让玩家获得最接近真实的篮球体验、体验最纯粹的篮球文化。 利用全新的「宰制」功能，完整釋放MyPLAYER的籃球潛能。解鎖球場上前所未見的動作與能力，或者啟動球隊宰制能力，激發全隊的實力。更新後的街區系統將讓你玩得愛不釋手。無論是球場、Under Armour鐵籠球場，還是在即時活動，全都有讓你大顯身手的無數機會。馬上就走進Jordan體育中心，或者找回老隊友們一起進行刺激的三對三街頭籃球，在全新的日夜轉換系統下，保證讓你玩得過癮。',199,'picture','pc'),(40,'RPG Maker MV','2015-10-23 00:00:00','KADOKAWA Yoji Ojima','Degica','功能强大，开发者的福音！简便易用，孩童亦可上手！通用性强，各平台皆能兼容！[/b]RPG MAKER MV可以让你制作梦想中的RPG！最新版本已包含大量全新功能，并可导出至MacOSX，Android以及iPhone！','多年来，RPG Maker 一直是在Windows PC平台制作RPG的最佳捷径。我们力求让每一个人——无论经验丰富与否、水平或高或低——都能拥有这样一个工具，制作出令自己骄傲的游戏。如今，有了RPG Maker MV，您的游戏不仅仅限于Windows PC ，而是遍地开花。在Windows 或是OS X 的PC上制作你的游戏，然后开发出它的iOS、Android、Windows、OS X甚至是可以在浏览器上游玩的HTML5版本！',256,'picture','pc'),(41,'Heroes & Generals','2016-10-18 00:00:00','RETO MOTO','RETO MOTO','在这款极致的大型多人免费线上游戏中，感受射击、爆破、驾驶载具及发号施令等畅快淋漓的战斗体验。 在一场旷世的世界大战中，数以万计的玩家加入不同的战场并肩战斗。最先攻占15座城市的阵营将赢得最终的胜利。','英雄与将军《Heroes & Generals》带给您畅快淋漓的战争体验。这是一场同时有数以万计的玩家参与的世界大战。最先攻占15座城市的阵营将赢得最终的胜利。在连绵不断的战事中，与世界各地的战友通力合作；将军们则需要运筹帷幄、部署战斗资源，为军队获取最终的胜利提供坚实有力的后盾。身为士卒，一举一动都将影响整个战局。每一次消灭敌人、摧毁坦克及占领城镇都至关重要。即使落败也有其价值，有时为了赢得战争，牺牲是在所难免的。',0,'picture','pc'),(42,'Will To Live Online','2018-04-06 00:00:00','AlphaSolfLLC','AlphaSolfLLC','Will To Live - MMORPG-射手, 活动动发生在全球性灾难后严峻世界上 。探索世界、 战斗突变体和其他幸存者、进入家族，在斗争中生存，并证明您的生命权。','Will To Live Online是具有生存元素的第一人称MMORPG-射手，活动发生在全球性灾难后世界的荒地上。玩家将探索一个充满的危险地方、辐射、突变体和武装幸存者的大型开放世界。饥饿和口渴不会让您坐在一个地方, 危险的异常现象将被迫小心, 考虑每一步。您必须争取生存的权利, 了解您在这个严酷的世界中的作用。探索世界及其历史, 完成任务, 战斗怪物和其他幸存者, 获取资源, 参与狩猎和收集, 贸易和与其他玩家分享。寻找新朋友或不共戴天的仇敌!您可以创建四个不同类别的人物, 每个都有自己独特的特征、游戏风格和武器。发展你的人物, 获得新武器和新等级能力。进入敌对的派别之一, 坚持其利益。与朋友们合作, 让自己的生活更轻松, 或者使其他玩家生活复杂化。是您的选择!',41,'picture','pc'),(43,'SMITE®','2015-09-08 00:00:00','Titan Forge Games','Hi-Rez Studios','加入到2500万《神之浩劫》玩家的行列！挥舞托尔的战锤、化身美杜莎将敌人石化，更有超过90位神话人物任你选择。每两周的免费更新让你总有新的发现。','加入千万《神之浩劫》玩家，在免费畅玩的诸神战场中一较高下！《神之浩劫》作为一款多人在线竞技场对战游戏适合所有水平的玩家。拥有超过90为神明，而且还在不断增加中，《神之浩劫》集结了全球各地神话的知名角色。化身宙斯发射闪电，作为洛基在暗中行刺，或者以美猴王孙悟空的英姿在战场中勇往直前。《神之浩劫》为所有人准备了适合的挑战。进入竞技场模式，对于渴望快节奏战斗的玩家来说没有比这更棒的了。想要更具战略性的游戏体验？征服模式是《神之浩劫》最具对抗性的模式。击溃敌方神明，斩杀他们的巨人以获得凯旋。检验自己的高超技巧，与最顶尖的《神之浩劫》玩家在排位赛中一较高下。从青铜段位一路升上天神并力争榜首。组建队伍，投身到《神之浩劫》的电子竞技世界。一路过关斩将直捣黄龙，成为世界冠军。',0,'picture','pc'),(44,'武侠乂 The Swordsmen X','2017-07-27 00:00:00','上海杜昂网络科技有限公司','方块游戏','《武侠乂》是一款高自由度的动作冒险竞技游戏。游戏中，玩家将扮演一名无名侠客，与同场竞赛中的其他九十九名玩家控制的无名侠客们切磋竞技，游戏中除了传统武学，还有弓射、投掷道具等玩法，玩家可自由选择自己喜欢的方式进行竞技。','玩家所扮演的侠客们在游戏中可自由选择初始发展位置，随着游戏进程的推进，游戏世界中会出现邪教毒雾，毒雾会缩小侠客们的安全生存区域。因为安全区域被压缩，侠客们需要获取更多的资源来维持生存，生存物资可以通过在游戏中搜索到或者通过跟其他玩家切磋后获得。如果玩家扮演的侠客在切磋中失败，那么就失去了这场竞技的资格，最终获得胜利的只有一个玩家或者同一个队伍的玩家。',88,'picture','pc'),(45,'东方大战争 ~ Touhou Big Big Battle','2018-09-10 00:00:00','MyACG Studio','MyACG Studio','不需要操作的RTS+MOBA 沙雕画风与社保美术相辅相成 新时代轻电竞的领军者 东方大战争横空出世！ 啦啦啦','东方大战争是个逗比的休闲策略游戏，是我们用纯粹的兴趣制作出的，希望大家开心',36,'picture','pc'),(46,'Caravan','2016-09-30 00:00:00','it Matters Games','Daedallc Entertainmert','你准备好踏上穿过沙漠的危险旅程了吗？你能够安全引导你的伙伴们通过东方大地，找到属于自己的命运吗？通过策略性的贸易和旅行，你会克服困难和逆境。','阿拉伯半岛造就了许多神话和传说。其中一个故事讲述的是千柱之城伊兰，以及它与众不同的命运。作为王位继承人，你的人生一帆风顺，从来没有干过一天体力劳动。直到有一天，命运的风向变了。日子一天天过去了，风波并未平息，反倒越演越烈。你愿意不惜一切代价换来你母亲的一丝快乐。于是在一天晚上，当整个王国陷入沉睡，月亮露出了微笑，你踏上了旅程.……《Caravan》将策略游戏与 RPG 要素相结合，打造了一款充满了悬念与挑战的贸易探索游戏。游戏设定在中世纪前期的东方，玩家会从一个城镇向另一个城镇派遣商队。一路上，他们将体验危险神秘的冒险、在城镇里进行奖励任务、对抗危险的强盗、野兽、食尸鬼般的生物和神灵。',36,'picture','pc'),(47,'Tom Clancy\'s Rainbow Six® Siege','2015-12-02 00:00:00','Ubisoft Monteral','Ubisoft','《彩虹六号：围攻》是育碧蒙特利尔工作室旗下即将推出的知名第一人称射击模拟系列游戏的最新作品，专为新一代游戏机和主机开发，属于《彩虹六号》系列。该作灵感来源于现实世界中的反恐行动，《彩虹六号：围攻》诚邀玩家掌控破坏的艺术，游戏核心是对激烈的近距离对抗，高杀伤力，战术，团队合作和爆破行动。《彩虹六号：围攻》的多人模式继承系列','掌握汤姆克兰西的《彩虹六号：围攻》中的毁灭与器械艺术。正面迎击紧张刺激的近战、高杀伤力、战略决策、团队合作和爆炸场面。激烈枪战与专家战略，完美继承了以往汤姆克兰西《彩虹六号》系列游戏的精神，让玩家尽享其中，体验全新纪元。',88,'picture','pc'),(48,'古剑奇谭三(Gujian3)','2018-12-14 00:00:00','上海烛龙信息科技有限公司','北京网元圣唐娱乐科技有限公司','古剑奇谭三：梦付千秋星垂野》是网元圣唐旗下上海烛龙自主研发的大型3D单机角色扮演游戏。本代作品进一步扩充古剑世界观，以写实唯美的风格描绘广阔的山川河岳，将久远的人情世故以全新的画面表现，带给玩家更贴近真实的游戏世界体验！','《古剑奇谭三：梦付千秋星垂野》是网元圣唐旗下上海烛龙自主研发的大型3D单机角色扮演游戏。本代作品进一步扩充古剑世界观，以写实唯美的风格描绘广阔的山川河岳，将久远的人情世故以全新的画面表现，带给玩家更贴近真实的游戏世界体验！作为一款以中国古代为背景的架空设定游戏，《古剑奇谭三》参考大量中国传统文化元素，并将古典艺术渗透入游戏设定中，加入大胆而丰富的想象，使游戏宛如一卷“东方幻想篇章”。 ',99,'picture','pc'),(49,'永遠消失的幻想鄉 ～ The Disappearing of Gensokyo','2018-01-11 00:00:00','MyAVG Studio ','MyAVG Studio ','《永远消失的幻想乡》是一款中国同人社团MyACG Studio制作的\"东方Project\"二次同人游戏，原创\"弹幕射击ARPG\"玩法，结合弹幕特色和动作游戏的爽快感，击败多样的敌人，挑战强大的BOSS，是入坑东方的不错选择！','《永远消失的幻想乡》是我们用爱与真心制作出的游戏，希望大家喜欢',78,'picture','pc'),(50,'中国式家长 / Chinese Parents','2018-09-29 00:00:00','墨鱼玩游戏','Coconut lsland Games','这是一款轻松休闲的模拟养成游戏，模拟从出生到成人这段过程，探讨孩子与家长之间的关系。','《中国式家长》是一款现实主义的模拟游戏，游戏模拟从出生到成人的整段过程，探讨孩子与家长之间的关系。这可能是你玩过的最扎心的模拟养成游戏。你，扮演一个出生在普通家庭的孩子，体验一段从出生到成人的成长之旅——面对生活中的抉择，你将如何应对？面对偶遇的熊孩，你的特长能否赢得面子？面对哗众取宠的选秀，你是否能脱颖而出？面对那个特别的Ta，你又会如何对待……最重要的是，在这个飞速发展的时代，你的目标要经过几代人才能实现？',36,'picture','pc'),(51,'Fate/EXTELLA LINK','2019-03-20 00:00:00','Marvelous Inc','XSEE Games','命运/异章系列最新作品《命运/创世 连接》于STEAM上架。 在《命运》系列中登场的从者跨作参战。在这部动作游戏中，你可以尽情驰骋疆场，发动宝具等华丽招式展开战斗。','围绕新从者“查理曼”展开全新故事灵子虚构世界“SE.RA.PH”的战火已平息，在争夺月之圣杯的战斗中重获新生的阿提拉和御主一起在领地散步时，遇上了一群突然出现的攻性程序。和平已经到来，攻性程序本不该再出现。就在遭到攻击的御主一行感到疑惑不解时，素未谋面的从者——查理曼出现在眼前。“这种时候就是要飒爽斩敌才够帅气啊！”在查理曼的帮助下，御主渡过了危机，但本该在身旁的年幼阿提拉却不知所踪——',278,'picture','pc'),(52,'Street Fighter V','2016-02-16 00:00:00','Capcom','Capcom','体验Street Fighter® V紧张、激烈的一对一格斗！有16个标志性角色可供选择，与好友进行联机或离线对战，备有各种健全的比赛选项。','玩家可参加排名赛赢取格斗币，或进行非正式比赛享受游戏乐趣，亦或是邀请好友进入战斗大厅一较高下！得益于跨平台游戏兼容，PlayStation 4玩家可与Steam玩家捉对厮杀！这一版《Street Fight V》的Arcade Edition标题屏幕下有Arcade Mode、Team Battle Mode和支持联机对战的Extra Battle Mode，玩家可通过游戏获取奖励、经验值和格斗币！玩家可用格斗币购买额外的角色、服装、舞台等！立即免费下载电影级剧情模式《暗影降临》！通过将七颗黑月部署到了轨道中，M.Bison会在地球陷入黑暗时获得不可思议的力量。',112,'picture','pc'),(53,'Fox Hime','2017-11-03 00:00:00','AsicxArt','SakuraGame','这是一款描写大学恋爱生活+兽耳少女的国产GALGAME。游戏主人公“源”是一位大学在读生，他的身边有着一位不一般的女孩，这个女孩就是他的守护灵。「如果我的女朋友能有茉莉这么漂亮，那我肯定是被神眷顾着的吧……」。','这是一款描写大学恋爱生活+兽耳少女的国产GALGAME。有没有想过自己为什么没有女朋友？亦或者是，有没有想过自己是怎么交到女朋友的呢？人与人的相识可能只是因为内心的某一瞬间的意志冲动，也可能是某位神灵精心的安排。人的心灵总是有迹可循吗？那么如果对方是神灵呢？「也许灵狐也有率性的时候，或者一直都是率性的吧。」源是一位大学在读生，他的身边有着一位不一般的女孩，这个女孩就是他的守护灵。「如果我的女朋友能有茉莉这么漂亮，那我肯定是被神眷顾着的吧……」当他这么感慨的时候，殊不知他的生命之中已经有着另一个女孩在向他走来……',11,'picture','pc'),(54,'~necromancy~Emily\'s Escape','2018-10-27 00:00:00','PinkPeachStudio','PinkPeach','《~死灵法师~艾米丽的逃亡》是一款2D的潜入解谜游戏。由PinkPeach社推出。 今日带来全新的简体中文版！ 在紧张刺激的战斗和追逐中，使用你的智慧逃离死灵法师的魔爪。将死灵法师存活的消息告诉冒险公会！ 能否破解死灵法师的阴谋，看你了！勇士。','死灵法师，是使用禁断魔法玩弄生命之人。隐藏在森林中进行着研究。传闻说她曾经是教会的圣女，某天她突然杀害数人后消失，成为了传说中的死灵法师。某个新人冒险团接受了寻找死灵法师线索的任务。艾米丽在和同班一同调查森林周边时，遭到敌人的袭击。和队友走散在森林里迷路的艾米丽一边寻找同班一边寻找着离开森林的路。',38,'picture','pc'),(55,'Melody of Iris-虹色旋律-(Full Color ver.)','2018-06-15 00:00:00','Gloria Works','Gloria Works','回首眺望，曾经的风景早已隽永如画。 闭上双眼，心中的旋律是彩虹的颜色。 赤子深情，经年不渝。','青空万里，街巷中覆上透明的水色，海风轻拂，空气里带有些微的清凉。宜清，被温暖的大海所环绕的中型城市。在飞速发展的今天，依旧平和安稳地保持着它原本的安静恬淡。长长的防波堤，乘风滑翔的海鸥，光鲜的建筑，匆忙却不浮躁的人群。自然与现代完美地结合在这里。盛夏七月，即将面临美术高考的叶子翔，孑然一身回到这座阔别已久的故城。海浪依旧无言地拍打着长长的防波堤当初为何离开，现在为何归来？各种意义上的重逢交叉而成的十字路口，理所当然地阻挡在他的身前。“我应该……继续前进了吧。”需要重新拾起的不仅仅是画笔，面前无法回避的也不只是考试。',35,'picture','pc'),(56,'KumaKuma Manga Editor','2019-02-28 00:00:00','KumaKumaManga','SakuraGame','《KumaKuma本子编辑器》是一款以3D模型为基础制作的丈育漫画编辑器，我们的目的是让所有人都能体会到制作本子的乐趣(°∀°)ﾉ，你不需要手绘板、不需要绘画基础、甚至不需要做任何准备!','《KumaKuma本子编辑器》是一款以3D模型为基础制作的丈育漫画编辑器，我们的目的是让所有人都能体会到制作本子的乐趣(°∀°)ﾉ，你不需要手绘板、不需要绘画基础、甚至不需要做任何准备!预设了数百种3D角色部件，可以对角色的性别、发型、发色、瞳色、衣着进行修改替换，可以组合出数百个风格各异的自定义角色。',26,'picture','pc'),(57,'某1种青春','2019-02-18 00:00:00','绮梦妄想社','绮梦妄想社','平淡无奇的校园青春类文字游戏！在拥有非常多奇怪社团的育仁中学里，有着名为「冲饭堂社」这样匪夷所思的社团。围绕着社团存亡以及各种各样的青春问题，共有5+1种剧情分支！当然，还有男主角的高中生活到底如何？这里一定有属于你的某1种青春。','育仁中学是一所市内开放的中学，学生们可以按照各自兴趣，进行非常丰富多彩的社团活动。男主角作为「冲饭堂社」的副社长，进行着匪夷所思的社团活动，但是现在学校似乎不打算继续延续这一方针了。着手削减社团经费。男主角们为了维持社团，做了很多的事情……但是这一切究竟是否能让学校、学生会回心转意？各色的社团真的是保留下来比较好吗？而万一社团消失了，男主角和他的伙伴的青春又会有怎样的发展呢？',0,'picture','pc'),(58,'Incubo','2019-02-01 00:00:00','Hehp Gamez','Maple Whispering Co.Ltd,','这是一款2d平台类恐怖解密游戏，描写了一个小男孩在梦魇中逃生的故事，玩家扮演的主角需要克服重重困难，逃离噩梦寻找真相','《INCUBO》（梦魇）讲述了一个孩子被困于噩梦的故事，在梦境中充斥着令人疑惑的记忆片段，到底真相是什么呢？在惊险又恐怖的旅途中，男孩一步一步走向梦境的尽头，会有什么样的结局等待着他呢？',28,'picture','pc'),(59,'Sakura MMO 2','2019-01-26 00:00:00','Winged Cloud','Winged Cloud','薇奥拉的亚萨之旅继续展开。在一众可爱少女的随行下，她试图弄清楚是谁为了什么目的将她召唤到亚萨的。','《Sakura MMO #2》是《Sakura MMO》续集，薇奥拉在魔幻大陆亚萨的故事将要继续展开。不到一个月前，薇奥拉还是一名生活在日本的律师，她的生活百无聊赖，唯一的慰藉就是沉浸在一款流行的多人在线游戏《亚萨世界》中。随后在一个寻常的夜晚，薇奥拉发现自己竟然被传送进了这款自己最喜欢的游戏世界中！在亚萨，薇奥拉集结了几位可爱的少女一同随行，其中有忠诚的女仆妮芙，天真的盗贼菲安，还有正义的骑士艾勒瑞。她们一起探索着亚萨、接受着委托并击败着魔物。尽管薇奥拉对亚萨的生活乐在其中，可她还是觉得少了点什么。是谁将她召唤到亚萨的，又是为了什么目的？她能回到日本吗，她还想回到日本吗？在这部扣人心弦的续集中，您将会发现惊人的秘密、激烈的打斗场景，以及（也是最重要的）穿着清凉装束的少女！',37,'picture','pc'),(60,'Endless Jade Sea -Midori no Umi-','2019-01-24 00:00:00','Cabbit','SakuraGame','《翠之海》是日本遊戲公司SkyFish的姐妹品牌Cabbit開發製作的一款懸疑+戀愛題材的GALGAME，原畫、劇本都由女性擔當，並用全新的感性描寫的懸疑AVG。主要講述了發生在被樹木所包圍的茂密森林中一座寬敞洋式別墅裡，失去記憶的少年少女們在樂園中展開的日常，以及它背後所隱藏的謎團。','《翠之海》是日本遊戲公司SkyFish的姐妹品牌Cabbit開發製作的一款懸疑+戀愛題材的GALGAME，原畫、劇本都由女性擔當，並用全新的感性描寫的懸疑AVG。主要講述了發生在被樹木所包圍的茂密森林中一座寬敞洋式別墅裡，失去記憶的少年少女們在樂園中展開的日常，以及它背後所隱藏的謎團。——翠綠的海洋。被樹木所包圍的茂密森林中。在這絕對逃不出去的地方，我們邂逅了——',11,'picture','pc'),(61,'SENRAN KAGURA Burst Re:Newal','2019-01-23 00:00:00','Tamsoft','XSEED Games','爆乳超级格斗“闪乱神乐”系列原点作品，值得纪念的第1作《闪乱神乐 -少女们的真影-》，包含其内容的第2作《闪乱神乐 Burst -红莲的少女们-》终于HD化，登陆Steam舞台！','那是在很久之前，战国时期中暗影般的存在。隐藏于世人中，打探、煽动、欺骗、破坏，以及——暗杀。是接受各种暗地工作委托的暗影般的存在——不知何时，他们消失在人们的心中，成为了仅仅在传说故事中出现的虚渺之物。',166,'picture','pc'),(62,'了不起的修仙模拟器','2019-01-11 00:00:00','GSQ Games','Gamera Game','从一名落魄的凡人开始，突破筑基，练气，结丹，化神等境界，最终度过天劫，蜕变为叱咤修行界的陆地真仙。建设你的门派，收集各种修行功法，灵药法宝，神通秘籍，在九州之中闯荡出赫赫威名。','《了不起的修仙模拟器》是一款拥有Roguelike要素，融合了生存、角色扮演、策略等要素的模拟经营游戏。游戏受到《矮人要塞》、《RimWorld》、《新蜀山剑侠传》、《天下霸图》等作品的启发，旨在为玩家模拟出独一无二的修仙之旅。在游戏中，玩家将从上帝视角指引角色生存生产并建立自己的门派。在这一过程中，你将感受角色遭遇的意外或惊喜，解决他们面临的危机与困难，亲手打造专属于你的修仙传奇。一次重新开始就是一次全新的地图，在随机的地形中找到合适的地点，让世间万物成为你的助力。在沙盒的世界里，做你想做的，不用拘谨，一切随心所欲。在山洞里群居还是在湖面上搭造楼阁亦或是用灵石当地板的奢华享受，皆由你自己决定。',68,'picture','pc'),(63,'纸境英雄 Papercraft','2019-01-22 00:00:00','Overture','Shenzhen Tanyu','《纸境英雄》是一款融合了Roguelike+战棋+DBG元素的独立游戏。传说中的不同英雄将携带不同的卡牌，结合战棋的战斗形式，如何游戏完全由玩家自己做主。','在《纸境英雄》中，与女王玩一场桌游「现实」，扮演一名奇幻世界中的主角「虚拟」，通过战斗与任务探索，一步步解开游戏内和游戏外的谜团，最终谱写出自己的故事和结局。',45,'picture','pc'),(64,'寻迹 -A story of a song-','2019-01-10 00:00:00','Blue Fiddich制作组','轻文','忆与往事，爱与家族。难以割舍的感情，陷入旋涡的回忆。 黄昏下的教室，幽幽的琴音在走廊回荡。 失意的教师与心事重重的少女，故事由此展开。 寻找那首歌，也是为了找寻自己。','【story】a story of a song“我想要，找到那首歌！”“像我这样的人，一定写不出什么好曲子的。”忆与往事，爱与家族。难以割舍的感情，陷入旋涡的回忆。黄昏下的教室，幽幽的琴音在走廊回荡。失意的教师与心事重重的少女，故事由此展开。寻找那首歌，也是为了找寻自己。',18,'picture','pc'),(65,'The Dungeon of Lulu Farea','2019-01-08 00:00:00','Galaxy Wars','DLsite','魔界洞鲁鲁・法蕾雅是总层数为地下60层的魔塔型迷宫地下城。 主人公是将人生都堵在了攻略地下城上的冒险者。','本游戏采用了社团キャラバン所制作的「WWA」「魔塔」系统、并独自开发关卡原创剧情，构成高达60层的地下城解密冒险RPG。',43,'picture','pc'),(66,'Tempest of the Heavens and Earth','2018-12-26 00:00:00','LION HEART','DLste','“不良天人，寻求自己的天道。”　比那名居天子巡游幻想乡，有顶天级别・潇洒2D攻击！ 掌握敌人气息操控天候！天道由我！　　☆本作品是以东方Project为题材的二次创作游戏作品。','不良天人，寻求自己的天道。你将操纵有顶天天人·比那名居天子，为了探究各地发生的不同寻常的地震的原因，追寻忽然消失的永江衣玖的行踪，揭开躲藏于黑暗之中的阴谋的真实面目，从而在幻想乡中四处奔走。地面上到底在发生着什么？究竟谁才是幕后黑手？在阴谋迭起的幻想乡里，凭着自己的力量和个性进行突破吧！天道由我！',47,'picture','pc'),(67,'A Dance of Fire and Ice','2019-01-25 00:00:00','7th Best Games','7th Best Games','高难度单按键节奏游戏——《冰与火之舞》。','只需一个按键，控制盘旋飞舞的双星，踏着摇曳的舞步，在一条跟随音乐节奏变化的蜿蜒道路上不断前进，探索音乐的宇宙。这将是一次充满挑战的音乐之旅，保持平稳的心态，跟随内心的律动，这并不是一款依赖快速反应的游戏，你需要通过反复练习来学习不同的音乐模式。你将与各种困难不期而遇，而每一次突破，都会带来无与伦比的成就感。',15,'picture','pc'),(68,'Crime Secrets: Crimson Lily','2016-07-14 00:00:00','One More Level','Arfifex Mundi','阻止神秘的杀手！','《乌鸦森林之谜：恐怖传奇》将为您呈现一场惊险刺激的解谜冒险之旅！',36,'picture','pc'),(69,'Outlaws of the Old West','2019-03-12 00:00:00','Virtual Baaement LLG','Wandering Wizard','《西部狂徒》是一款大型多人在线生存游戏。游戏地图巨大，游戏道具数以千计，辅以模块化的建造系统，玩家得以在《西部狂徒》的游戏世界里面生存、建造家园、打败强盗匪徒并与其他玩家通力合作征服 狂野的大西部。','《西部狂徒》是一款大型多人在线生存游戏。游戏地图巨大，游戏内道具数以千计，辅以模组化的建造系统。多样化的环境搭配上多变的天气，是对玩家生存能力的一次考验。',70,'picture','pc'),(70,'Foxhole','2017-07-27 00:00:00','Clapfoot','Clapfoot','Foxhole 是一个大型多人线上游戏。你将会跟好几百个玩家作伴，在游戏中并肩作战。玩家们就是游戏的一切。 每一个玩家代表一个士兵。 透过策略， 基地建设 ，侦察， 战斗等， 每个士兵的决定都会反映在战场上。','Foxhole 是一个大型多人线上游戏。你将会跟好几百个玩家作伴，在游戏中并肩作战。玩家们就是游戏的一切。 每一个玩家代表一个士兵。 透过策略， 基地建设 ，侦察， 战斗等， 每个士兵的决定都会反映在战场上。',68,'picture','pc'),(71,'Nation War:Chronicles | 国战:列国志传','2017-10-01 00:00:00','Yiming','Yiming','这是一款春秋战国题材的大战略+即时战斗沙盒类游戏。游戏开始于公元前八世纪的中华大地上,此时一度强大的周王室,因为天子昏庸以及王室不断的内乱,已经日渐衰微，各个诸侯国和周边的戎狄蛮夷则日趋强大起来。周王室即将要面临的最可怕的灾难，但一切尚未尘埃落定。是中兴周朝，重建秩序，恢复周礼，还是逐鹿中原，取而代之，乃至以夷变夏，入主中原，','1.全新的中国大地图：根据中国地形高度图制作的全新大地图，以及主要河流。目前一共拥有278座城市，以及158个国家或政权。玩家将会从地理情况上，直观体会到当时人们做出各类战略选择的原因。2.大地图上的战争：大地图上的158个国家将会为了自己的利益而互相结盟、扩张乃至背叛，到最后中华大地上只能有一位胜利者。目前的单位战斗加入了背击的判定，加上即将加入的地形系统，玩家可以有更多的战术空间进行战斗。',39,'picture','pc'),(72,'To the Moon','2011-01-11 00:00:00','Freebird Games','Freebird Games','这是一个讲述两个医生借由改变记忆为弥留之际的人们完成他们人生最后愿望的故事。','罗莎莉恩医生（Dr. Rosalene）和沃茨医生（Dr. Watts）有一份非常特殊的工作：他们可以给人们重活一次的机会，从人生的最开始重头来过，当然这个机会只存在于将死之人的头脑里。由于其带来的严重后果，新的人工记忆将取代真实记忆成为病人临终前记住的事，所以通过修改记忆去满足人们最后愿望的这种技术只能对临死的人实施。这个特别的故事让玩家跟随两位医生为实现一个老人约翰尼（Johnny）的梦想而进入他的记忆。 随着每一步时间的推移，约翰尼过去的一个个新的片段将被慢慢揭示。两位医生将约翰尼记忆中一直困扰他的许多事件重组在一起，他们试图找出究竟是何原因会让身体虚弱的老人临死前要实现这样的愿望。而约翰尼的最后心愿竟是…去月球。',36,'picture','pc'),(73,'If My Heart Had Wings','2013-06-28 00:00:00','MoeNovel','MoeNovel','本作品支持简体中文，请先购买本体再进行DLC免费更新为中文版。主角水瀬碧梦想成为一名自行车选手，但在一次自行车事故中不能再骑车，因此沮丧的水瀬碧回到家乡重新开始生活。失去了动力的水瀬碧偶然遇上被困在山坡上女主角小鸟。并一同亲眼目睹一架滑翔机在高空飞行时，开始了飞行梦想的旅程。在那群风车点缀的小山上，结集青春，友情和飞行历程的感人故事开始了。','主角水瀬碧(玩家操纵角色)梦想成为一名自行车选手，但在一次自行车事故中不能再骑车，因此沮丧的水瀬碧回到家乡重新开始生活。失去了动力的水瀬碧偶然遇上被困在山坡上女主角小鸟。并一同亲眼目睹一架滑翔机在高空飞行时，开始了飞行梦想的旅程。',48,'picture','pc'),(74,'Everlasting Summer','2014-11-19 00:00:00','Soviet Games','Soviet Games','万众期待的电子小说——永恒之夏——现已登陆Steam！','你会见到游戏的主人公谢米扬，也许你从来没有注意过他吧。他只是普通的城市中一个普通的年轻人。但是有一天，神奇的事情发生了：一个冬日，他在公交车上睡着了，醒来的时候，他到了炎热的盛夏。他面前是“小猫头鹰”夏令营，背后是过去的生活。为了弄清楚自己的处境，谢米扬需要认识夏令营里的孩子们（甚至会找到他的爱情），他需要走出复杂的迷宫，破解夏令营的秘密。然后回答最重要的问题——怎样回去？该不该回去？',0,'picture','pc'),(75,'Last Day of June','2017-08-31 00:00:00','Ovosonico','505 Games','一段关于爱与失去的冒险，细腻的画面呈现带给您电影般的深刻体验。','与 Carl 和 June 一起经历他们神奇故事的开端，并尝试解开一系列的谜题以拯救这美好的一天 - 以及 June 的生命 - 在这电影般的体验后你会不禁问自己：\"\"我要怎么做才能拯救我人生的挚爱？',68,'picture','pc'),(76,'妄想症：Deliver Me','2018-08-10 00:00:00','属音工作组','SakuraGames','游戏《妄想症：Deliver Me》是一款音乐主题的青春校园AVG游戏，故事内容根据雨狸的《妄想症Paranoia》小说改编。玩家将扮演高中女生泠珞，体验青春、音乐与校园的缤纷故事。','游戏《妄想症：Deliver Me》是一款音乐主题的青春校园AVG游戏，故事内容根据雨狸的《妄想症Paranoia》小说改编。玩家将扮演高中女生泠珞，体验青春、音乐与校园的缤纷故事。',11,'picture','pc'),(77,'不落城-Unconquered Castle','2018-10-12 00:00:00','灰烬天国','灰烬天国','原创轻解密类视觉小说游戏 - 不落城','在千年前被称为“诸神黄昏”的大灾难发生之后，人类在女神的帮助下重建了文明。但是，这和平的日子并没能永久持续下去，在千年之后的大陆上，恶魔再次入侵，并攻陷了魔法王国近半数的领土。于是在大魔导师安东尼奥的带领下，光之魔法师阿莉亚接受了不落之城 - 科尼亚的邀请，成为了裁决之光塔的首席法师，并因此展开了一场和“恶魔”的斗争。',75,'picture','pc'),(78,'Tiny Snow','2019-02-28 00:00:00','#workshop','NVLMaker','雪山上，木屋里，我们被这个世界绑在了一起。我和她只能相爱，不能分离。这是自由的感情，还是被操纵的爱？多结局的清淡小短片《茸雪》，故事里有小茸和小雪，还有懂得何为爱情的你。','雪山上，木屋里 和最喜欢的女孩在一起,她是我的唯一,我也是她的唯一,即使有伤害，也无法分离。',18,'picture','pc'),(79,'寄居隅怪奇事件簿 Hermitage Strange Case Files','2018-11-13 00:00:00','Arrowiz','bilibili','都市的夜晚并不安宁。浮华背后，暗潮在阴影中涌动。旧书店『Hermitage』的店主不幸被卷入了种种神秘事件。越是接近答案，他见到的真相却愈发诡异。疑云之下，一切都指向了“那些”超越常理的——危机渐渐逼近，在谣言与谎言间劈开道路，追寻自己的“结局”吧！','被称为“新都”的国际化大型都市中，一连串神秘事件在城市掀起狂潮，旧书店 『Hermitage』 的店主与他的伙伴们被卷入种种案件……根据角色们的不同性格选择合适的对话技巧，在成功使用对话技巧后，便可以获得与故事推进休戚相关的重要情报在故事推进中，通过对话、电视节目、论坛信息等各种途径都可以获取情报与疑点，各种情报会构成解决事件的关键线索',38,'picture','pc'),(80,'If My Heart Had Wings -Flight Diary-','2019-02-28 00:00:00','MoeNovel','MoeNovel','在这苍穹展翅　- 飞行日志 -》是《在这苍穹展翅》的番外篇，收录着本编的序章、终章等6个短篇剧情，这是作为原作的续编所推出的一款游戏。','“相遇在苍穹之际！”一群年轻男女在初次近距离接触天空后，这次相遇为他们新的共同梦想奠定了基础——倾注了希望和愿望所制作的“翅膀”，尽情地翱翔于云端之上。游戏背景设在风浦，一个处于迎风之处的可爱小镇。现在，水濑碧与他的朋友们在风车山上等着起风之时，他们终于再次等到飞行的好时机，借助风力使纯白的大型滑翔机顺利起飞，并冲上头顶上的天空飞至世界的另一端。他们的目标是天际至高点。',50,'picture','pc'),(81,'The Ballad Singer','2019-02-16 00:00:00','Curtel Games','Curtel Games','《The Ballad Singer》是一款受RPG和游戏书启发的非对称冒险游戏，其中你将能体验到许多动态的故事。 在这个有着精美插画和完全配音的幻想世界中，通过四名不同的冒险家的故事来塑造赫斯皮里亚的命运。','《The Ballad Singer》是一款图形RPG冒险游戏，背景是一个完全受玩家选择所控制的幻想世界。我们借鉴了游戏书和视觉小说的元素，并将其开发成了一款前所未有的视频游戏。TBS提供的是一个尚待完成的幻想故事，世界的走向和反馈由玩家的行动来决定。使你可以体验到1700种故事情节和40个不同的结局，你的决定将会影响故事的展开。故事中的每个细枝末节包括支线情节都有完整的叙述和插画，再小的都有。在TBS中，每次选择都很重要。',80,'picture','pc'),(82,'Lighter','2019-02-05 00:00:00','Yuki游戏制作组','二次元手帐','我们在岁月的长河里会忘掉很多的事情，但是那些事情是不会消失的。 发生过的事情无论多么久远，都会有印记留在你我的身边。 而你只是想不起来而已。','受到诅咒生命只剩下七天却依然心大的少女；心高气傲身份不明同样寿命只剩七天的黑猫；她们要在七天之内解决一名问题少女的恋爱问题才能保住自己的性命。一者是疯狂的富家大小姐；一者是精神不稳定的灾后幸存者；一者是忽近忽远的观测者；性格扭曲的她们究竟想要什么？一人一猫又该如何解决这场困境？“别开玩笑了好吗？这简直就是keter级别的游戏啊！你给个痛快点的不行吗？”少女不爽的说道。“大姐！！你别放弃啊!!你想死我可不想死啊！”黑猫使劲抱住少女的大腿，哭丧着脸喊道。',22,'picture','pc'),(83,'小林正雪復仇之密室重制版 Cheney Wood The Ultimate Revenge','2019-01-29 00:00:00','傅真,Yahu','Genuine Studio','香港，密室逃脱，刑侦推理，解谜！ 风流倜傥略爱搞怪的刑警，屡破奇案，轻松应付着海量的案件与狡猾的罪犯，直到那件事的发生……为了逃避最不喜欢的人，他调职到这座城市。然而，等待他的将是从警以来最大的敌人和暗中策划的巨大阴谋。','主要以普通话配音为主，但为了更好体现游戏的“港味”，我们邀请了真正香港居民为游戏中的部分“老香港”角色配音！随着剧情推进，玩家需要和嫌疑人进行一对一的对决。能不能成功指证犯人就得看你的推理能力了。游戏中小林会有一支手机，这支手机可以让你与游戏中的角色进行对话，除了主线剧情必须使用外，在游戏中你还能找到不同人物的彩蛋号码，试着找全然后找他们聊聊天吧。',22,'picture','pc'),(84,'茂伸奇谈-HAPPY END- 合集版 Monobeno-HAPPY END- Deluxe','2019-01-25 00:00:00','Lose','HIKARI FIELD','《茂伸奇谈-HAPPY END- 合集版》将《茂伸奇谈 本篇》与《茂伸奇谈 后传》整合为一个整体。中文版使用了最终优化的剧情版本进行制作，并且同时收录了PSV版《ものべの-pure smile-》与PC版《ものべの-happy end-》各自拥有的独占剧情。可以说是迄今为止集《茂伸奇谈》内容之大成的版本。','这里是民风淳朴与世隔绝，信仰着人类与妖怪共存的山中深村——茂伸。主人公泽井透生长于此。透相依为命的妹妹泽井夏叶曾经因故失去了一些记忆。两人搬出茂伸许久之后，再次踏上这片充满妖怪奇谈的土地。久别重逢的除了高龄的唐伞妖飞车角，还有两位异性少女：青梅竹马有岛爱丽丝和妖怪赤赤熊栖美。怎料夏叶在夏日祭典“面具舞”时倒下，突然变成了成年的体型，这突如其来异常的生长摧残着妹妹的身心。是顽疾还是作祟？在医学与奇谈之间，透寻觅着拯救夏叶的办法。借助爱丽丝或是栖美力量的过程中，早已埋下的情愫会变成怎样的故事，和透相依为命的夏叶又会何去何从？这是人与妖，病与祟，过去与未来的故事——茂伸奇谈。',118,'picture','pc'),(85,'SnowNight','2018-12-12 00:00:00','Hollowings','Hollowings','这是一个发生在冬天的，小而温暖的故事。 偶然相遇的了两个人，因为彼此的存在，进而感受到了更多不曾被刻意铭记的过往—— 述说完各自的故事，终于迎来了初雪降临的那一天。 初心之作，完全重制，希望能给您的冬季带来一点温暖和感动。','在新年的第一片雪华融化前的那一刻——闭上双眼，静静的去思念。当你听见雪花落下时所发出的声响时。或许，你可以看到——【故事】STORY梦境的狭间，平行的位面。存在，亦或不存在。在你不知道的世界里，我们是最亲密的人。在我不知道的世界里，你……你的脸，你的声音。陌生而又亲切。仿佛，我们已经认识了好久——仿佛，我们已经认识了好久——唯一可以确定的是——在这个冬天的雪花落地之前，因为你，让我感觉更加温暖了一些。我在『这里』等你很久了……你呢？',10,'picture','pc'),(86,'Truberbrook / Trüberbrook','2019-03-12 00:00:00','btf','Headup,WhisperGames','畅游在60年代的平行宇宙，享受冒险旅程！尽在这款手工打造的神秘科幻冒险游戏中。','《墨池镇（Trüberbrook）》是一款科幻题材的探索解密游戏。游戏内场景皆为纯手工打造，在这个奇幻的20世纪60年代的平行宇宙展开自己的冒险吧！你将扮演一位年轻的美国科学家汉斯·唐豪瑟，上世纪与60年代末前往欧洲旅游。你的目的地是墨池镇（Trüberbrook）这个前不着村后不着店的偏远德国山村。至于你为什么会来这种地方 - 那是因为这是你抽奖中的，不来白不来！一场本该放松的旅游，却意外的拯救了世界...',88,'picture','pc'),(87,'Judgment: Apocalypse Survival Simulation','2018-05-04 00:00:00','Suncrash','Suncrash','末日降临。恶魔横行。现在，是时候还击了！ 在劫后余生的部落中，建造、管理、捍卫你的营地。','重建家园，末世求生。Judgment: Apocalypse Survival Simulation》是一款部落模拟游戏，在恶魔当道的末世里用各种战略战术求得一线生机。地狱之门大开，恶魔降临，人间生灵涂炭——但我们不会坐以待毙！带领幸存者们穿越重重阻碍——远离邪恶势力，构建神圣家园。收集资源、制作装备、防守营地、派遣队伍搜寻物资，用各种方式求得生存。研究人类技术、探索黑暗艺术，用各种方法将魔鬼赶回老巢。求生就要变强。审判之日，生存还是灭亡？',69,'picture','pc'),(88,'Middle-earth™: Shadow of War™','2017-10-10 00:00:00','Monnlith Productions','WB Games','由荣膺嘉奖的宿敌系统创造出的浩瀚广辽的开放世界任你遨游。锻造统御魔戒，通过一场场恢宏的战役征服要塞，用你自己的半兽人军团统治魔多。尽在《中土世界™ : 战争之影™》。','深入敌后，组建军队，攻破要塞，从内部统治魔多。体验我们荣膺嘉奖的宿敌系统打造出的独一无二的个性剧情，每一个敌人和追随者都充满新意，正面对抗强大无比的黑暗魔君索伦和他的戒灵，尽在这个鸿篇巨制的中土游戏。 ',143,'picture','pc'),(89,'Book of Demons','2018-12-14 00:00:00','Thing Trunk','Thing Trunk','最纯粹的劈砍游戏。 超级诱人，乐趣无穷。 在古老的大教堂的地下城里，诛杀黑暗军队；从大恶魔手里拯救惊慌失措的纸质宇宙。','“恶魔之书” 是最纯粹的劈砍游戏。 超级诱人，乐趣无穷。 在古老的大教堂的地下城里，诛杀黑暗军队；从大恶魔手里拯救惊慌失措的纸质宇宙。“恶魔之书”是 回归游戏 -受早期电脑游戏黄金时代启发的一系列原创中核游戏的第一部。',80,'picture','pc'),(90,'音灵 INVAXION','2018-12-20 00:00:00','NAnjing AQUATRAX','bilibili','经典玩法，全新音游体验！玩家将加入神秘佣兵组织“音灵”，为挽救人类文明踏上追寻音乐与艺术碎片的星际探险之旅，誓以情感为力量，与人工智能打响反击之战！','当人工智能的发展达到巅峰，世界被数据与理性主导。感性的冲动被视作智慧的冗余，所有会引起人类情感波动的艺术创作都被抹除。在这样的世界里，依然存在着一个叫做“音灵”的组织。他们发誓要集结逃离于星空各处的自由人类，从幸存者中寻找音乐与艺术的碎片。以AI所无法取代的人类情感，再造人类文明的辉煌。游戏保留了音乐节奏游戏最为经典的下落式玩法，并通过加强动感、速度感，提升了玩家的“视觉打击反馈”。游戏独创动态镜头方案，为音乐游戏真正带来了x,y轴之外的z轴（即景深轴）。在游戏过程中，画面会随着玩家的按键操作以及音乐节奏进行震动反馈，带来更为精准和舒适的打击手感。',50,'picture','pc'),(91,'A Dance of Fire and Ice','2019-01-25 00:00:00','7th Best Games','7th Best Games','高难度单按键节奏游戏——《冰与火之舞》。','只需一个按键，控制盘旋飞舞的双星，踏着摇曳的舞步，在一条跟随音乐节奏变化的蜿蜒道路上不断前进，探索音乐的宇宙。',15,'picture','pc'),(92,'MONSTER HUNTER: WORLD','2018-08-10 00:00:00','CAPCOM Co,Ltd.','CAPCOM Co,Ltd.','新的生命之地。狩猎, 就是本能! 在系列最新作品「Monster Hunter: World」中,玩家可以体验终极的狩猎生活,活用新建构的世界中各种各样的地形与生态环境享受狩猎的惊喜与兴奋。','新的生命之地。狩猎, 就是本能! 在系列最新作品「Monster Hunter: World」里, 地形和环境生物, 甚至魔物的生态系统都能被利用, 用一切手段挑战巨大的魔物。在新建构的「Monster Hunter: World」中, 可以体验到你一直期盼的极致猎人生活。玩家化身成猎人, 接受任务狩猎生活栖息在各种环境中的魔物。利用狩猎魔物取得的材料, 制作更强的武器和防具, 挑战更强大的魔物。',308,'picture','pc'),(93,'Euro Truck Simulator 2','2012-10-13 00:00:00','SCS Software','SCS Software','卡车司机驾车穿越整个欧洲大陆，不远万里运送重要货物，是当之无愧的公路之王！探索英国、比利时、德国、意大利、荷兰、波兰等国家的数十个城市，玩家的耐力、技巧和速度都将被催至极限。','卡车司机驾车穿越整个欧洲大陆，不远万里运送重要货物，是当之无愧的公路之王！探索英国、比利时、德国、意大利、荷兰、波兰等国家的数十个城市，玩家的耐力、技巧和速度都将被催至极限。如果您已拥有成为精英卡车车队中一份子的能力，那么开始驾驶，证明你自己吧！',99,'picture','pc'),(94,'BlazBlue: Cross Tag Battle','2018-06-06 00:00:00','Arc System Works','Arc System Works','无法逃离的碰撞！不可避免的冲击！BBTAG将竭尽探索2对2游戏系统，带来无与伦比的2D双人组合格斗对战！','无法逃离的碰撞！不可避免的冲击！爆炸性配方下产生的戏剧性冲撞！为玩家所喜爱的苍翼默示录，授权宇宙四方、组合玩家所爱，战于《BLAZBLUE CROSS TAG BATTLE》！透过苍翼默示录、Atlus的女神异闻录、French Bread的夜下降生，和Rooster Teeth广受欢迎的RWBY动画系列，所交织成的全明星组合。 BlazBlue: Cross Tag Battle是一个为专家与新手所献上的战斗型态！在节奏紧凑的2v2对战中组成你的队伍，你在苍翼默示录所爱上的疯狂、紧凑的机制、流畅的游戏体验以及玩家所期望的精致2D图像，都将由Arc System Works为您呈上。',318,'picture','pc'),(95,'Glass Masquerade','2016-11-19 00:00:00','Onyx Lute','Onyx Lute','欢迎来到《Glass-Masquerade》——一款艺术解谜游戏，灵感来自20世纪的装饰艺术和彩色玻璃工艺。你需要将隐藏的玻璃碎片组合起来，在“国际时间展览会”这一互动电子秀上展示世界各种文化的时钟和主题','欢迎来到《Glass Masquerade》——一款艺术解谜游戏，灵感来自20世纪的装饰艺术和彩色玻璃工艺。你需要将隐藏的玻璃碎片组合起来，在“国际时间展览会”这一互动电子秀上展示世界各种文化的时钟和主题有25个国家参展：阿根廷，澳大利亞，巴西，英國，加拿大，中國，埃及，法國，德國，希臘，格陵蘭島，冰島，印度，印度尼西亞，伊朗，意大利，日本，馬達加斯加，墨西哥，蒙古，葡萄牙，俄羅斯，瑞典，坦桑尼亞这个环球旅程只会花费你3-4个小时的时间。所有的展品都精心打造，让你大开眼界，畅享乐趣——不要错过！',21,'picture','pc'),(96,'Run!ZombieFood!','2017-07-31 00:00:00','VirusSea','VirusSea','丧尸病毒爆发之后一群幸存的小伙伴打丧尸求生通关!可以获得各种特殊职业角色、武器、补给道具等~也许还有一只小白狗！','Run!ZombieFood! 是一款休闲策略类游戏。通过鼠标控制一群生还者穿过丧尸层层的包围，找出一条生路。需要探索房间和地图，搜集在末日可供生存的 食物、药品、弹药和武器~同时更多的幸存者加入，扩大队伍规模，一起在末日中生存下去。 ',18,'picture','pc'),(97,'天际起源 The Ark of Horizon','2019-01-19 00:00:00','Miaoxi Studio','Miaoxi Studio','The Ark of Horizon 是一款大胆创新的大逃杀游戏。游戏采用立体作战方式：空中、陆地、海底、空投母舰，都可以作为战斗区域。在 the Ark of...','爽快精准的枪械，独特的飞行系统，破坏力爆表的武器，“天空之舰”上的战斗。能量核心强化系统，全息科幻装甲，独特的 立体 作战方式，自研游戏引擎提供强劲的性能优化。',0,'picture','pc'),(98,'The Secret Order 7: Shadow Breach','2019-03-01 00:00:00','Sunword Games','Artifex Mundi','有一些黑暗的秘密总是企图爬回光明之中，逃避被遗忘的命运。但也有萨拉·潘宁顿，她是这个时刻警惕的秘密组织中最有本事的特工，她将直面这些秘密。','有一些黑暗的秘密总是企图爬回光明之中，逃避被遗忘的命运。但也有萨拉·潘宁顿，她是这个时刻警惕的秘密组织中最有本事的特工，她将直面这些秘密。加入狮鹫秘密组织成员萨拉，与她一起踏上有史以来最大、最具有挑战性的冒险之旅。神秘的龙族发现了一个早已被遗忘的物品，隐藏在这个遗物中的秘密可能会吞噬我们所熟知的世界。作为莎拉，你将不得不利用自己的智慧和你的同事的帮助阻止这种可怕的入侵。你的调查将把你带到遥远的地方，跨越时间和空间，来揭秘这个灾祸的起源。再次证明这个世界是安全的，而狮鹫神秘组织永远在警惕守望。',50,'picture','pc'),(99,'覺醒之刻 The Time Of Awakening','2019-02-27 00:00:00','Black Fox Pavilion','Black Fox Pavilion','一段在魔法世界中的冒险，与“旅人”们一同在旅途中探索世界。','剧情－－剧本是一个完整的故事，可以保证一定量的游戏时间——呕，这是画师自己写的，请大家原谅这个文盲，打扰了。总之剧情就是萌萌哒的中二剧情，还挺好的，虽然程序员没看完，但应该，挺好的。',37,'picture','pc'),(100,'Pacify','2019-02-23 00:00:00','Shawn Hitchcook','SKH Apps','据说在那所房子里有恶灵出没。 传言所讲的似乎是一座老旧的殡仪馆，那里为人们提供最后一次同死去的亲人对话的机会。 还有灯光、笑声、一个女孩、失踪的人等等…… 就是人人都在讲的那件事，你知道的。 带一队人马，去把那个地方调查清楚。','你刚刚与 PAH 公司，即超自然活动帮手公司，签约。这名字听起来很烂俗，但是薪酬很高。 他们说你不会遇到任何真正的危险，而且他们现在有大量的工作需要找人来做。 你的第一份任务位于某个闹鬼的老房子。 有个房产中介想卖掉这所房子，但是全镇所有人都在散布房子里闹鬼的传言，所以他需要找到证据证明房子很安全。 实际上，他自己看起来也吓得不行。 不论如何，他聘请了 PAH 公司来调查那个地方。 如果你想单独调查，请自便。不过要是我，我会带上至少 3 个朋友。 去把那个地方查清楚，如果有灵异现象出现，找到证据带回 PAH 公司。选择单人模式独自完成游戏，或选择多人模式与最多三个朋友一起完成游戏。 在多人模式中，你可以选择与朋友组队或与朋友对战。 阅读笔记，寻找关于如何抚慰女孩的线索。 寻找并使用钥匙、娃娃、木头和火柴来帮助你闯关。 女孩可以听到你说话，也可以看见你。 注意别被看到，尽量保持安静。 尝试使用不同的取胜策略。',22,'picture','pc');

/*Table structure for table `detailed_picture` */

DROP TABLE IF EXISTS `detailed_picture`;

CREATE TABLE `detailed_picture` (
  `detailed_id` int(11) NOT NULL AUTO_INCREMENT COMMENT '详细图片编号',
  `detailed` varchar(150) NOT NULL COMMENT '详细图片路径',
  `ciid` int(11) NOT NULL,
  PRIMARY KEY (`detailed_id`),
  KEY `commodity_information_detailed` (`ciid`),
  CONSTRAINT `commodity_information_detailed` FOREIGN KEY (`ciid`) REFERENCES `commodity_information` (`ciid`)
) ENGINE=InnoDB AUTO_INCREMENT=331 DEFAULT CHARSET=utf8;

/*Data for the table `detailed_picture` */

insert  into `detailed_picture`(`detailed_id`,`detailed`,`ciid`) values (9,'ark_1.jpg',3),(10,'ark_2.jpg',3),(11,'ark_3.jpg',3),(12,'ark_4.jpg',3),(13,'ark_5.jpg',3),(14,'Gra_1.jpg',4),(16,'Gra_2.jpg',4),(17,'Gra_3.jpg',4),(18,'Gra_4.jpg',4),(19,'Gra_5.jpg',4),(20,'Dev_1.jpg',5),(21,'Dev_2.jpg',5),(22,'Dev_3.jpg',5),(23,'Dev_4.jpg',5),(24,'Dev_5.jpg',5),(25,'War_1.jpg',6),(26,'War_2.jpg',6),(27,'War_3.jpg',6),(28,'War_4.jpg',6),(29,'War_5.jpg',6),(30,'Sid_1.jpg',7),(31,'Sid_2.jpg',7),(32,'Sid_3.jpg',7),(33,'Sid_4.jpg',7),(34,'Sid_5.jpg',7),(35,'Zhd_1.jpg',8),(37,'Zhd_2.jpg',8),(38,'Zhd_3.jpg',8),(39,'Zhd_4.jpg',8),(40,'Zhd_1.jpg',8),(41,'Con_1.jpg',9),(42,'Con_2.jpg',9),(43,'Con_3.jpg',9),(44,'Con_4.jpg',9),(45,'Con_5.jpg',9),(55,'Lea_1.jpg',10),(56,'Lea_2.jpg',10),(57,'Lea_3.jpg',10),(58,'Lea_4.jpg',10),(59,'Lea_5.jpg',10),(60,'Hum_1.Jpg',11),(61,'Hum_2.jpg',11),(62,'Hum_3.jpg',11),(63,'Hum_4.jpg',11),(64,'Hum_5.jpg',11),(65,'This_1.jpg',12),(66,'This_2.jpg',12),(67,'This_3.jpg',12),(68,'This_4.jpg',12),(69,'This_5.jpg',12),(70,'Jud_1.jpg',13),(71,'jud_2.jpg',13),(72,'jud_3.jpg',13),(73,'jud_4.jpg',13),(74,'jud_5.jpg',13),(75,'Gao_1.jpg',14),(76,'Gao_2.jpg',14),(77,'Gao_3.jpg',14),(78,'Gao_4.jpg',14),(79,'Gao_5.jpg',14),(80,'STE_1.jpg',15),(82,'STE_2.jpg',15),(83,'STE_3.jpg',15),(84,'STE_4.jpg',15),(85,'STE_5.jpg',15),(86,'Lucy_1.jpg',16),(87,'Lucy_2.jpg',16),(88,'Lucy_3.jpg',16),(89,'Lucy_4.jpg',16),(90,'Lucy_5.jpg',16),(91,'My_1.jpg',17),(92,'My_2.jpg',17),(93,'My_3.jpg',17),(94,'My_4.jpg',17),(95,'My_5.jpg',17),(96,'Yxj_1.jpg',18),(97,'Yxj_2.jpg',18),(98,'Yxj_3.jpg',18),(99,'Yxj_4.jpg',18),(100,'Yxj_5.jpg',18),(101,'Ass_1.jpg',19),(102,'Ass_2.jpg',19),(103,'Ass_3.jpg',19),(104,'Ass_4.jpg',19),(105,'Ass_5.jpg',19),(106,'Div_1.jpg',20),(107,'Div_2.jpg',20),(108,'Div_3.jpg',20),(109,'Div_4.jpg',20),(110,'Div_5.jpg',20),(111,'Nmx_1.jpg',21),(112,'Nmx_2.jpg',21),(113,'Nmx_3.jpg',21),(114,'Nmx_4.jpg',21),(115,'Nmx_5.jpg',21),(116,'God_1.jpg',22),(117,'God_2.jpg',22),(118,'God_3.jpg',22),(119,'God_4.jpg',22),(120,'God_5.jpg',22),(121,'RES_1.jpg',23),(122,'RES_2.jpg',23),(123,'RES_3.jpg',23),(124,'RES_4.jpg',23),(125,'RES_5.jpg',23),(126,'Sis_1.jpg',24),(127,'Sis_2.jpg',24),(128,'Sis_3.jpg',24),(129,'Sis_4.jpg',24),(130,'Sis_5.jpg',24),(131,'King_1.jpg',25),(132,'King_2.jpg',25),(133,'King_3.jpg',25),(134,'King_4.jpg',25),(135,'King_5.jpg',25),(136,'Tri_1.jpg',26),(137,'Tri_2.jpg',26),(138,'Tri_3.jpg',26),(139,'Tri_4.jpg',26),(140,'Tri_5.jpg',26),(141,'Grobda_1.jpg',27),(142,'Grobda_2.jpg',27),(143,'Grobda_3.jpg',27),(144,'Grobda_4.jpg',27),(145,'Grobda_5.jpg',27),(146,'Mlzx_1.jpg',28),(147,'Mlzx_2.jpg',28),(148,'Mlzx_3.jpg',28),(149,'Mlzx_4.jpg',28),(150,'Mlzx_5.jpg',28),(151,'In_1.jpg',29),(152,'In_2.jpg',29),(153,'In_3.jpg',29),(154,'In_4.jpg',29),(155,'In_5.jpg',29),(156,'FINAL_1.jpg',30),(157,'FINAL_2.jpg',30),(158,'FINAL_3.jpg',30),(159,'FINAL_4.jpg',30),(160,'FINAL_5.jpg',30),(161,'Pzjl_1.jpg',31),(162,'Pzjl_2.jpg',31),(163,'Pzjl_3.jpg',31),(164,'Pzjl_4.jpg',31),(165,'Pzjl_5.jpg',31),(166,'Dawn_1.jpg',32),(167,'Dawn_2.jpg',32),(168,'Dawn_3.jpg',32),(169,'Dawn_4.jpg',32),(170,'Dawn_5.jpg',32),(171,'Nif_1.jpg',33),(172,'Nif_2.jpg',33),(173,'Nif_3.jpg',33),(174,'Nif_4.jpg',33),(175,'Nif_5.jpg',33),(176,'Pra_1.jpg',34),(177,'Pra_2.jpg',34),(178,'Pra_3.jpg',34),(179,'Pra_4.jpg',34),(180,'pra_5.jpg',34),(181,'Sis_1.jpg',35),(182,'Sis_2.jpg',35),(183,'Sis_3.jpg',35),(184,'Sis_4.jpg',35),(185,'Sis_5.jpg',35),(186,'Dun_1.jpg',36),(187,'Dun_2.jpg',36),(188,'Dun_3.jpg',36),(189,'Dun_4.jpg',36),(190,'Dun_5.jpg',36),(191,'Sla_1.jpg',37),(192,'Sla_2.jpg',37),(193,'Sla_3.jpg',37),(194,'Sla_4.jpg',37),(195,'Sla_5.jpg',37),(196,'Smzs_1.jpg',38),(197,'Smzs_2.jpg',38),(198,'Smzs_3.jpg',38),(199,'Smzs_4.jpg',38),(200,'Smzs_5.jpg',38),(201,'NBA_1.jpg',39),(202,'NBA_2.jpg',39),(203,'NBA_3.jpg',39),(204,'NBA_4.jpg',39),(205,'NBA_5.jpg',39),(206,'RPG_1.jpg',40),(207,'RPG_2.jpg',40),(208,'RPG_3.jpg',40),(209,'RPG_4.jpg',40),(210,'RPG_5.jpg',40),(211,'Her_1.jpg',41),(212,'Her_2.jpg',41),(213,'Her_3.jpg',41),(214,'Her_4.jpg',41),(215,'Her_5.jpg',41),(216,'Will_1.jpg',42),(217,'Will_2.jpg',42),(218,'Will_3.jpg',42),(219,'Will_4.jpg',42),(220,'Will_5.jpg',42),(221,'SMI_1.jpg',43),(222,'SMI_2.jpg',43),(223,'SMI_3.jpg',43),(225,'SMI_4.jpg',43),(226,'SMI_5.jpg',43),(227,'Wx_1.jpg',44),(228,'Wx_2.jpg',44),(229,'Wx_3.jpg',44),(230,'Wx_4.jpg',44),(231,'Wx_5.jpg',44),(232,'DF_1.jpg',45),(233,'DF_2.jpg',45),(234,'DF_3.jpg',45),(235,'DF_4.jpg',45),(236,'DF_5.jpg',45),(237,'Car_1.jpg',46),(238,'Car_2.jpg',46),(239,'Car_3.jpg',46),(240,'Car_4.jpg',46),(241,'Car_5.jpg',46),(242,'Tem_1.jpg',47),(243,'Tem_2.jpg',47),(244,'Tem_3.jpg',47),(245,'Tem_4.jpg',47),(246,'Tem_5.jpg',47),(247,'GJ_1.jpg',48),(248,'GJ_2.jpg',48),(249,'GJ_3.jpg',48),(250,'GJ_4.jpg',48),(251,'GJ_5.jpg',48),(252,'YY_1.jpg',49),(253,'YY_2.jpg',49),(254,'YY_3.jpg',49),(255,'YY_4.jpg',49),(256,'YY_5.jpg',49),(257,'ZG_1.jpg',50),(258,'ZG_2.jpg',50),(259,'ZG_3.jpg',50),(260,'ZG_4.jpg',50),(261,'ZG_5.jpg',50),(262,'FE_1.jpg',51),(263,'FE_2.jpg',51),(264,'FE_3.jpg',51),(265,'FE_4.jpg',51),(266,'FE_5.jpg',51),(267,'Str_1.jpg',52),(268,'Str_2.jpg',52),(269,'Str_3.jpg',52),(270,'Str_4.jpg',52),(271,'Str_5.jpg',52),(272,'Fox_1.jpg',53),(273,'Fox_2.jpg',53),(274,'Fox_3.jpg',53),(275,'Fox_4.jpg',53),(276,'Fox_5.jpg',53),(277,'Necr_1.jpg',54),(278,'Necr_2.jpg',54),(279,'Necr_3.jpg',54),(280,'Necr_4.jpg',54),(281,'Necr_5.jpg',54),(282,'Mel_1.jpg',55),(283,'Mel_2.jpg',55),(284,'Mel_3.jpg',55),(285,'Mel_4.jpg',55),(286,'Mel_5.jpg',55),(287,'Kum_1.jpg',56),(288,'Kum_2.jpg',56),(289,'Kum_3.jpg',56),(290,'Kum_4.jpg',56),(291,'Kum_5.jpg',56),(292,'M1_1.jpg',57),(293,'M1_2.jpg',57),(294,'M1_3.jpg',57),(295,'M1_4.jpg',57),(296,'M1_5.jpg',57),(297,'Inc_1.jpg',58),(298,'Inc_2.jpg',58),(299,'Inc_3.jpg',58),(300,'Inc_4.jpg',58),(301,'Inc_5.jpg',58),(302,'Sak_1.jpg',59),(303,'Sak_2.jpg',59),(304,'Sak_3.jpg',59),(305,'Sak_4.jpg',59),(306,'Sak_5.jpg',59),(307,'End_1.jpg',60),(308,'End_2.jpg',60),(309,'End_3.jpg',60),(310,'End_4.jpg',60),(311,'End_5.jpg',60),(312,'Sen_1.jpg',61),(313,'Sen_2.jpg',61),(314,'Sen_3.jpg',61),(315,'Sen_4.jpg',61),(316,'Sen5.jpg',61),(317,'Lbq_1.jpg',62),(318,'Lbq_2.jpg',62),(319,'Lbq_3.jpg',62),(320,'Lbq_4.jpg',62),(321,'Lbq_5.jpg',62),(322,'Zjyx_1.jpg',63),(323,'Zjyx_2.jpg',63),(324,'Zjyx_3.jpg',63),(325,'Zjyx_4.jpg',63),(326,'Zjyx_5.jpg',63),(327,'Xj_1.jpg',64),(328,'Xj_2.jpg',64),(329,'Xj_3.jpg',64),(330,'Xj_4.jpg',64);

/*Table structure for table `language_label` */

DROP TABLE IF EXISTS `language_label`;

CREATE TABLE `language_label` (
  `language_id` int(11) NOT NULL AUTO_INCREMENT COMMENT '语言id',
  `language` varchar(20) NOT NULL COMMENT '语言',
  PRIMARY KEY (`language_id`)
) ENGINE=InnoDB AUTO_INCREMENT=6 DEFAULT CHARSET=utf8;

/*Data for the table `language_label` */

insert  into `language_label`(`language_id`,`language`) values (1,'英语'),(2,'简体中文'),(3,'法语'),(4,'意大利语'),(5,'德语');

/*Table structure for table `language_label_index` */

DROP TABLE IF EXISTS `language_label_index`;

CREATE TABLE `language_label_index` (
  `language_index_id` int(11) NOT NULL AUTO_INCREMENT COMMENT '语言编号',
  `language_id` int(20) NOT NULL COMMENT '语言',
  `ciid` int(11) NOT NULL,
  PRIMARY KEY (`language_index_id`),
  KEY `commodity_information_language` (`ciid`),
  KEY `commodity_language` (`language_id`),
  CONSTRAINT `commodity_language` FOREIGN KEY (`language_id`) REFERENCES `language_label` (`language_id`),
  CONSTRAINT `commodity_information_language` FOREIGN KEY (`ciid`) REFERENCES `commodity_information` (`ciid`)
) ENGINE=InnoDB AUTO_INCREMENT=64 DEFAULT CHARSET=utf8;

/*Data for the table `language_label_index` */

insert  into `language_label_index`(`language_index_id`,`language_id`,`ciid`) values (1,3,3),(6,2,3),(7,2,4),(8,1,4),(9,3,5),(10,4,5),(11,5,5),(13,5,6),(14,4,6),(15,2,6),(23,3,7),(24,5,7),(25,2,7),(26,4,8),(27,5,8),(28,3,8),(29,4,9),(30,3,9),(31,1,9),(32,4,10),(33,5,10),(34,1,10),(35,2,11),(36,3,11),(37,4,11),(49,2,12),(50,1,12),(51,3,12),(52,3,13),(53,2,13),(54,4,13),(55,3,14),(56,1,14),(57,2,14),(58,3,15),(59,2,15),(60,5,15),(61,4,16),(62,3,16),(63,2,16);

/*Table structure for table `paly_label_index` */

DROP TABLE IF EXISTS `paly_label_index`;

CREATE TABLE `paly_label_index` (
  `paly_index_id` int(11) NOT NULL AUTO_INCREMENT COMMENT '索引编号',
  `play_id` int(20) NOT NULL COMMENT '玩法id',
  `ciid` int(11) NOT NULL,
  PRIMARY KEY (`paly_index_id`),
  KEY `commodity_information_paly` (`ciid`),
  KEY `commodity_play` (`play_id`),
  CONSTRAINT `commodity_play` FOREIGN KEY (`play_id`) REFERENCES `play_label` (`play_id`),
  CONSTRAINT `commodity_information_paly` FOREIGN KEY (`ciid`) REFERENCES `commodity_information` (`ciid`)
) ENGINE=InnoDB AUTO_INCREMENT=45 DEFAULT CHARSET=utf8;

/*Data for the table `paly_label_index` */

insert  into `paly_label_index`(`paly_index_id`,`play_id`,`ciid`) values (1,2,3),(2,1,3),(3,3,4),(4,4,4),(5,5,5),(11,6,5),(12,7,5),(13,4,6),(14,6,6),(15,2,6),(16,6,7),(17,4,7),(18,3,8),(19,8,8),(20,5,8),(21,7,9),(22,9,9),(23,5,9),(24,4,10),(25,5,10),(26,8,10),(27,3,11),(28,5,11),(29,6,11),(30,3,12),(31,6,12),(32,5,12),(33,5,13),(34,4,13),(35,2,13),(36,3,14),(37,7,14),(38,1,14),(39,3,15),(40,6,15),(41,7,15),(42,6,16),(43,3,16),(44,2,16);

/*Table structure for table `play_label` */

DROP TABLE IF EXISTS `play_label`;

CREATE TABLE `play_label` (
  `play_id` int(11) NOT NULL AUTO_INCREMENT COMMENT '玩法id',
  `play` varchar(10) NOT NULL COMMENT '玩法',
  PRIMARY KEY (`play_id`)
) ENGINE=InnoDB AUTO_INCREMENT=10 DEFAULT CHARSET=utf8;

/*Data for the table `play_label` */

insert  into `play_label`(`play_id`,`play`) values (1,'Steam集换式卡牌'),(2,'单人'),(3,'多人'),(4,'合作'),(5,'Steam成就'),(6,'完全支持控制器'),(7,'创意工坊'),(8,'Steam云'),(9,'包含关卡编辑器');

/*Table structure for table `type_label` */

DROP TABLE IF EXISTS `type_label`;

CREATE TABLE `type_label` (
  `type_id` int(11) NOT NULL AUTO_INCREMENT COMMENT '类型id',
  `type` varchar(20) NOT NULL COMMENT '类型',
  PRIMARY KEY (`type_id`)
) ENGINE=InnoDB AUTO_INCREMENT=6 DEFAULT CHARSET=utf8;

/*Data for the table `type_label` */

insert  into `type_label`(`type_id`,`type`) values (1,'动作'),(2,'射击'),(3,'角色扮演'),(4,'独立'),(5,'VR');

/*Table structure for table `type_label_index` */

DROP TABLE IF EXISTS `type_label_index`;

CREATE TABLE `type_label_index` (
  `type_label_id` int(11) NOT NULL AUTO_INCREMENT COMMENT '类型索引id',
  `type_id` int(20) NOT NULL COMMENT '类型id',
  `ciid` int(11) NOT NULL,
  PRIMARY KEY (`type_label_id`),
  KEY `commodity_information_type_label` (`ciid`),
  KEY `type_label` (`type_id`),
  CONSTRAINT `type_label` FOREIGN KEY (`type_id`) REFERENCES `type_label` (`type_id`),
  CONSTRAINT `commodity_information_type_label` FOREIGN KEY (`ciid`) REFERENCES `commodity_information` (`ciid`)
) ENGINE=InnoDB AUTO_INCREMENT=45 DEFAULT CHARSET=utf8;

/*Data for the table `type_label_index` */

insert  into `type_label_index`(`type_label_id`,`type_id`,`ciid`) values (6,3,4),(7,2,4),(8,1,3),(9,5,3),(10,5,5),(11,4,5),(12,3,6),(13,2,6),(14,1,6),(15,4,7),(16,2,7),(17,1,7),(18,3,8),(19,4,8),(20,2,8),(21,4,9),(22,3,9),(23,2,9),(24,3,10),(25,4,10),(26,2,10),(27,5,11),(28,3,11),(29,2,11),(30,4,12),(31,3,12),(32,1,12),(33,2,13),(34,4,13),(35,1,13),(36,3,14),(37,2,14),(38,5,14),(39,5,15),(40,2,15),(41,4,15),(42,3,16),(43,5,16),(44,2,16);

/*Table structure for table `user_games` */

DROP TABLE IF EXISTS `user_games`;

CREATE TABLE `user_games` (
  `user_info_id` int(11) NOT NULL COMMENT '用户信息编号',
  `ciid` int(11) NOT NULL COMMENT '商品编号',
  `user_game_id` int(11) NOT NULL AUTO_INCREMENT COMMENT '用户游戏库主键',
  PRIMARY KEY (`user_game_id`),
  KEY `user_information_z` (`user_info_id`),
  CONSTRAINT `user_information_z` FOREIGN KEY (`user_info_id`) REFERENCES `user_information` (`user_info_id`)
) ENGINE=InnoDB AUTO_INCREMENT=3 DEFAULT CHARSET=utf8;

/*Data for the table `user_games` */

insert  into `user_games`(`user_info_id`,`ciid`,`user_game_id`) values (3,3,1),(3,4,2);

/*Table structure for table `user_information` */

DROP TABLE IF EXISTS `user_information`;

CREATE TABLE `user_information` (
  `user_info_id` int(11) NOT NULL AUTO_INCREMENT COMMENT '用户信息主键',
  `aid` int(11) NOT NULL COMMENT '帐号编号',
  `picture` varchar(100) DEFAULT 'picture.jpg' COMMENT '头像',
  `nickname` varchar(15) NOT NULL DEFAULT 'admin' COMMENT '昵称',
  PRIMARY KEY (`user_info_id`),
  KEY `usera` (`aid`),
  CONSTRAINT `usera` FOREIGN KEY (`aid`) REFERENCES `account` (`aid`)
) ENGINE=InnoDB AUTO_INCREMENT=109 DEFAULT CHARSET=utf8;

/*Data for the table `user_information` */

insert  into `user_information`(`user_info_id`,`aid`,`picture`,`nickname`) values (3,3,'picture/','lzh'),(6,3,'picture','clownmz'),(8,3,'picture','clownmz'),(9,3,'picture','clownmz'),(11,7,'picture.jpg','admin'),(12,8,'picture.jpg','admin'),(13,9,'picture.jpg','admin'),(14,10,'picture.jpg','admin'),(15,11,'picture.jpg','admin'),(16,12,'picture.jpg','admin'),(17,13,'picture.jpg','admin'),(18,14,'picture.jpg','admin'),(19,15,'picture.jpg','admin'),(20,15,'picture.jpg','admin'),(21,16,'picture.jpg','admin'),(22,17,'picture.jpg','admin'),(23,18,'picture.jpg','admin'),(24,19,'picture.jpg','admin'),(25,20,'picture.jpg','admin'),(26,21,'picture.jpg','admin'),(27,22,'picture.jpg','admin'),(28,23,'picture.jpg','admin'),(29,24,'picture.jpg','admin'),(30,25,'picture.jpg','admin'),(31,26,'picture.jpg','admin'),(32,27,'picture.jpg','admin'),(33,28,'picture.jpg','admin'),(34,29,'picture.jpg','admin'),(35,30,'picture.jpg','admin'),(36,31,'picture.jpg','admin'),(37,32,'picture.jpg','admin'),(38,33,'picture.jpg','admin'),(39,34,'picture.jpg','admin'),(40,35,'picture.jpg','admin'),(41,36,'picture.jpg','admin'),(42,37,'picture.jpg','admin'),(43,38,'picture.jpg','admin'),(44,39,'picture.jpg','admin'),(45,40,'picture.jpg','admin'),(46,41,'picture.jpg','admin'),(47,42,'picture.jpg','admin'),(48,43,'picture.jpg','admin'),(49,44,'picture.jpg','admin'),(50,45,'picture.jpg','admin'),(51,46,'picture.jpg','admin'),(52,47,'picture.jpg','admin'),(53,48,'picture.jpg','admin'),(54,49,'picture.jpg','admin'),(55,50,'picture.jpg','admin'),(56,51,'picture.jpg','admin'),(57,52,'picture.jpg','admin'),(58,53,'picture.jpg','admin'),(59,54,'picture.jpg','admin'),(60,55,'picture.jpg','admin'),(61,56,'picture.jpg','admin'),(62,57,'picture.jpg','admin'),(63,58,'picture.jpg','admin'),(67,59,'picture.jpg','admin'),(68,60,'picture.jpg','admin'),(69,61,'picture.jpg','admin'),(70,62,'picture.jpg','admin'),(71,63,'picture.jpg','admin'),(72,64,'picture.jpg','admin'),(73,65,'picture.jpg','admin'),(74,66,'picture.jpg','admin'),(75,67,'picture.jpg','admin'),(76,68,'picture.jpg','admin'),(77,69,'picture.jpg','admin'),(78,70,'picture.jpg','admin'),(79,71,'picture.jpg','admin'),(80,72,'picture.jpg','admin'),(81,73,'picture.jpg','admin'),(82,74,'picture.jpg','admin'),(83,75,'picture.jpg','admin'),(84,76,'picture.jpg','admin'),(85,77,'picture.jpg','admin'),(86,78,'picture.jpg','admin'),(87,79,'picture.jpg','admin'),(88,80,'picture.jpg','admin'),(89,81,'picture.jpg','admin'),(90,82,'picture.jpg','admin'),(91,83,'picture.jpg','admin'),(92,84,'picture.jpg','admin'),(93,85,'picture.jpg','admin'),(94,86,'picture.jpg','admin'),(95,87,'picture.jpg','admin'),(96,88,'picture.jpg','admin'),(97,89,'picture.jpg','admin'),(98,90,'picture.jpg','admin'),(99,91,'picture.jpg','admin'),(100,92,'picture.jpg','admin'),(101,93,'picture.jpg','admin'),(102,94,'picture.jpg','admin'),(103,95,'picture.jpg','admin'),(104,96,'picture.jpg','admin'),(105,97,'picture.jpg','admin'),(106,98,'picture.jpg','admin'),(107,99,'picture.jpg','admin'),(108,100,'picture.jpg','admin');

/*!40101 SET SQL_MODE=@OLD_SQL_MODE */;
/*!40014 SET FOREIGN_KEY_CHECKS=@OLD_FOREIGN_KEY_CHECKS */;
/*!40014 SET UNIQUE_CHECKS=@OLD_UNIQUE_CHECKS */;
/*!40111 SET SQL_NOTES=@OLD_SQL_NOTES */;
